:02000002F0000C
:104000000000042009430F0031430F0033430F0029
:1040100035430F0037430F0039430F000000000005
:104020000000000000000000000000003B430F0003
:104030003D430F00000000003F430F0041430F00CD
:10404000F1770F0043430F0043430F0043430F003A
:1040500043430F0043430F0043430F0043430F000C
:1040600043430F0043430F0043430F0043430F00FC
:1040700043430F0043430F0043430F0043430F00EC
:1040800009940F00BD6B0F0043430F0043430F0023
:1040900043430F0043430F0043430F0043430F00CC
:1040A00043430F0043430F0043430F0043430F00BC
:1040B00043430F0043430F000000000000000000D6
:1040C00043430F0043430F0043430F0043430F009C
:1040D000D1900F0043430F0043430F00AD860F0004
:1040E00043430F0043430F0089C50F000000000049
:1040F0000000000043430F000000000043430F0096
:1041000000000000000000000000000000000000AF
:10411000000000000000000000000000000000009F
:10412000000000000000000000000000000000008F
:10413000000000000000000000000000000000007F
:10414000000000000000000000000000000000006F
:10415000000000000000000000000000000000005F
:10416000000000000000000000000000000000004F
:10417000000000000000000000000000000000003F
:10418000000000000000000000000000000000002F
:10419000000000000000000000000000000000001F
:1041A000000000000000000000000000000000000F
:1041B00000000000000000000000000000000000FF
:1041C00000000000000000000000000000000000EF
:1041D00000000000000000000000000000000000DF
:1041E00000000000000000000000000000000000CF
:1041F00000000000000000000000000000000000BF
:104200000348044B834202D0034B03B11847704765
:10421000E8000020E8000020000000000548064BF0
:104220001B1AD90F01EBA301491002D0034B03B1B4
:1042300018477047E8000020E80000200000000058
:1042400010B5064C237843B9FFF7DAFF044B13B1DE
:104250000448AFF300800123237010BD000100204B
:104260000000000000D60F0008B5054B1BB1054942
:104270000548AFF30080BDE80840FFF7CFBF00BF9F
:10428000000000000401002000D60F00A3F5803AD2
:10429000704700BF174B002B08BF134B9D46FFF71D
:1042A000F5FF00218B460F461348144A121A08F0F6
:1042B000EAF90E4B002B00D098470D4B002B00D095
:1042C00098470020002104000D000D48002802D06E
:1042D0000C48AFF3008008F0DFF92000290004F05B
:1042E000FBFC08F063F900BF0000080000000000BC
:1042F00000000000000004200001002040430020D6
:1043000000000000000000000649074A074B9B1A06
:1043100003DD043BC858D050FBDC00F061F9FFF727
:10432000B9FF000030D60F00080000200001002077
:10433000FEE7FEE7FEE7FEE7FEE7FEE7FEE7FEE755
:10434000FEE7FEE70020704710B504461A4802F069
:1043500059FE1A4B18481C6002F06AFE48B3184B0D
:10436000002140F603020330C3E9021258601970BD
:10437000144B154959601549C3E90212144A1A61D0
:10438000144A5A6103F03AF8852800D090B9002009
:1043900003F092F870B902F055FA0F4800F0BEFE33
:1043A00040B90E4800F05AFF20B9BDE8104000F0B7
:1043B00021BF032010BD00BF14D60F001C01002038
:1043C00094010020A4010020ED430F00E1430F0001
:1043D000790100200CD60F0050D00F005CD00F00E8
:1043E000011F014802F046BE14D60F0007B50A4669
:1043F00001AB0146044802F073FF019A02490348E9
:1044000001F0A0FE03B000BD600100205CD00F00F1
:1044100001F092B8083810B5062820D8DFE800F07F
:1044200008141B1F1F1F0400BDE8104000F0FABE57
:1044300003F054FE08B900F0F3FE094B1B6873B19A
:104440000120BDE81040184700F0FEFE044B1B6839
:104450002BB10220F5E7BDE8104000F0E5BE10BD2D
:104460001C01002003780BB901F066B8014A042151
:1044700000F0E6BA11440F0070B5E1B9124E134CCA
:104480003178124802F05EFF054660B91048D4E961
:10449000011206F0EBFD0F4802F0CAFD18B103301F
:1044A000C4E9010525700C480122314601F06CFE7B
:1044B0000028E5D070BD0229FCD1BDE8704002495A
:1044C0000548012201F060BE200100209401002077
:1044D000A401002014D60F005CD00F00074B1B5C1A
:1044E0001F2B86BF064903F01F034FF0A041012296
:1044F00002FA03F3C1F80835704700BF84D00F00FB
:104500000003005008B50020FFF7E8FF0130042841
:10451000FAD108BD0A4B185C1F288ABF094B4FF01F
:10452000A04300F01F00D3F804250121814021EAB7
:1045300002000A40C3F80805C3F80C25704700BF05
:1045400084D00F0000030050C20738B5044614D5CC
:1045500015480022032510F8013B1F2B86BF03F0EE
:104560001F0312494FF0A04103F5E0730132042A02
:1045700041F82350EFD1FFF7C5FFA30712D50C4830
:1045800000220C2410F8013B1F2B86BF03F01F03F1
:1045900006494FF0A04103F5E0730132042A41F8C7
:1045A0002340EFD138BD00BF84D00F00000300507E
:1045B00080D00F004FF08053D3F83021082A03BF7A
:1045C000D3F83401B0FA80F04009002070470000B1
:1045D000024AD2F80034002BFBD0704700E00140C3
:1045E00010B54FF08053D3F83021082A4ED14FF048
:1045F00080420021C2F80C11C2F81011C2F838151F
:1046000002F54042D3F80414C2F82015D3F8081478
:10461000C2F82415D3F80C14C2F82815D3F81014D6
:10462000C2F82C15D3F81414C2F83015D3F81814A6
:10463000C2F83415D3F81C14C2F84015D3F820146E
:10464000C2F84415D3F82414C2F84815D3F8281436
:10465000C2F84C15D3F82C14C2F85015D3F8301406
:10466000C2F85415D3F83414C2F86015D3F83814CE
:10467000C2F86415D3F83C14C2F86815D3F8401496
:10468000C2F86C15D3F84434C2F87035FFF792FFC6
:1046900018B1404B404AC3F88C26FFF78BFF18B186
:1046A0003E4BFB22C3F81825FFF784FF58B14FF0AB
:1046B00080424FF08051D2F8E43ED1F8581261F3B5
:1046C0000303C2F8E43EFFF775FF20B1344B4FF40B
:1046D0000072C3F840264FF08053D3F83031082BD6
:1046E00009D14FF08043D3F80024D20744BF6FF0C4
:1046F0000102C3F800242B4AD2F8883043F4700337
:10470000C2F88830BFF34F8FBFF36F8F4FF08053E5
:10471000D3F83021082A0BD1D3F83431032B81BFD1
:104720004FF01023D3F808224FF08043C3F85825E8
:104730004FF01023D3F80022002A03DBD3F8043211
:10474000002B22DA184901234FF01020C1F804355C
:104750001224FFF73DFFC0F80042FFF739FFC0F811
:104760000442FFF735FF0023C1F80435FFF730FF9F
:10477000BFF34F8F0B490D4BCA6802F4E06213433D
:10478000CB60BFF34F8F00BFFDE7094B094A1A60AA
:1047900010BD00BF005000404881030000F0004001
:1047A0000090024000ED00E000E001400400FA0546
:1047B0000C0000200090D00338B5202204460830B9
:1047C0000D4607F08FFF2022A91804F1280007F0FA
:1047D00089FF002038BD00002DE9F743184E9946A7
:1047E000184B036004460F4630460121904602F004
:1047F000D1FB0546BFF35F8FF0B900F0DDF80A9AF0
:10480000CDF80090434607F10801204606F060FD10
:10481000044600F0DFF8BFF35F8F356044B10A490A
:1048200048F2425248F216538C420CBF14461C46C2
:10483000204603B0BDE8F08348F20454F8E700BF17
:104840005C2A0020DD55AABB8408F0000E4B98427C
:1048500014D00AD8B8B10D4948F2165248F20153A3
:10486000884214BF104618467047094B984208D03A
:10487000084948F2165248F20353F1E748F2035050
:10488000704748F2025070470102F0000002F00049
:104890000202F0000F02F00008B5083006F082FDB9
:1048A000BDE80840FFF7D2BF13681F2B2DE9F04188
:1048B0000746884615461DD9114E0121304602F0A3
:1048C00069FB0446BFF35F8FB8B900F075F8414645
:1048D00007F1080006F0D2FD074600F07BF8BFF3B1
:1048E0005F8F38463460FFF7B1FF08B920232B6093
:1048F000BDE8F08148F21450FAE748F20450F7E7B7
:104900005C2A0020F8B507460E46184801211446D7
:1049100002F040FBBFF35F8F20BB083700F04CF87C
:10492000B4F5805F254628BF4FF480552A463146AE
:104930000F4807F0D7FE0E492A46384606F04CFDD0
:1049400070B9641B2E44EBD100F044F8BFF35F8FC5
:10495000064B00221A602046BDE8F840FFF776BFFC
:104960000446F1E748F20450F8BD00BF5C2A00207D
:104970005C1A0020024B0020C3F80005704700BFFE
:1049800000A0025038B50A4B00251D60BFF35F8FB1
:10499000084C0123C4F8003506F0A0FDC4F800550A
:1049A00020B1052848F2035018BF032038BD00BFCE
:1049B0005C2A002000A00250044B0122C3F800250D
:1049C000034B4FF480625A60704700BF00A0025052
:1049D00000E100E0064B0022C3F80025054B4FF430
:1049E0008062C3F88420BFF34F8FBFF36F8F70478F
:1049F00000A0025000E100E010B5044612F00300F0
:104A000010D1094B1A604B1CDB0012FA83F3074AE2
:104A10001360074B1870074B1870074B1C80074B2F
:104A2000198010BD0720FCE76C2A0020682A0020AE
:104A3000642A0020652A0020622A0020602A0020C3
:104A40002DE9F843274F3B888B4206460D4690469A
:104A500043D3002001F06CFF234B244A24481978EB
:104A600000881478E3B2844238BF0133C9B234BF3E
:104A7000DBB2002399422AD014781178CBB2884255
:104A80008CBF01330023E4B21370002001F052FF09
:104A90004FF6FF739C4222D0DFF85C90D9F80030CB
:104AA00043F8348003EBC402A6B19DB1114B3888A2
:104AB0001B682A4604FB0030314607F013FED9F884
:104AC000003003EBC4039D800020BDE8F8834FF65F
:104AD000FF74DAE700239380F6E70920F5E7042066
:104AE000F3E700BF622A0020652A0020642A002024
:104AF000602A0020682A00206C2A002070B5104C23
:104B0000104D22782B789A4200D170BD0E480F4A82
:104B10002378126806880E4802EBC301006852F839
:104B20003320898803FB060090470A4922780988C8
:104B3000D3B291428CBF013300232370E1E700BF61
:104B4000652A0020642A0020622A00206C2A0020A6
:104B5000682A0020602A002010B5D0E90242D1E97D
:104B60000203A04293412CBF0120002010BD000091
:104B700008B50A4802F00BF8094AD2E90031C0181A
:104B8000084BD3E9002341F10001904271EB03038C
:104B900003D210F1807041F1000108BD1000002027
:104BA000E82A0020E02A002070B5234B1E78044636
:104BB00016B90026304670BD0028FAD0FFF7D8FF9E
:104BC000D4E90223904299412FD3002001F0B0FE96
:104BD00023692BB94FF0FF324FF0FF33C4E90223B2
:104BE000002001F0A7FED4E905309847002001F02D
:104BF0009FFE25696DB1D4E90212B2F1FF3F08BFF3
:104C0000B1F1FF3F0FD0691842F10002C4E902126E
:104C10003546002001F08EFE002DCAD007482146FF
:104C200002F038FBC6E70025F3E7B3F1FF3F08BF0A
:104C3000B2F1FF3FBDD0F1E7F02A0020ACD00F0069
:104C400037B505460C460A4801A902F03AF968B1A1
:104C50000570446001A9064802F05CF910B9002013
:104C600003B030BD034801F097FFF8E70420F7E7F1
:104C7000742A00201000002013B5104B0193104936
:104C800010480823582202F009F9044698B90E4A40
:104C90000E4801A901F078FE044660B90B480121D5
:104CA00001F056FF01230A4A0848194601F0B4FEF4
:104CB000084B01221A70204602B010BD0100060008
:104CC000842A0020742A0020A14D0F00100000202B
:104CD000FFFF7F00F02A002030B56AB103684FF073
:104CE000FF344FF0FF355A614A1E5142C3E9024575
:104CF00051411961002030BD0720FCE7F8B504469A
:104D0000002017460D4601F013FED4E90223B3F14B
:104D1000FF3F08BFB2F1FF3F15D1FFF729FF281869
:104D200041F10001C4E902010126002001F002FE68
:104D30005EB12369A76103B1256121460020BDE86A
:104D4000F840FFF77DBF0026EFE73046F8BD38B5E5
:104D50000446002001F0ECFDD4E90223B3F1FF3F4B
:104D600008BFB2F1FF3F1FBF4FF0FF324FF0FF33DC
:104D7000C4E90223012508BF0025002001F0DAFD67
:104D80002DB121460120BDE83840FFF759BF284624
:104D900038BD0000014801F0FABE00BF100000203D
:104DA0002DE9F743074601F0DCFE40B1604AD2E945
:104DB000003113F1807341F10001C2E9003100219B
:104DC000384601F0DEFE38B15A4C236823B1206822
:104DD000FFF7EAFE002323600121384601F0D1FEEF
:104DE00020B1FFF7C5FE544BC3E900015348514CB5
:104DF00001A902F09AF84FF0FF384FF0FF3990B94F
:104E00004C4D4F4802F05CFA002800F08780D0E952
:104E10000223B3F1FF3F08BFB2F1FF3F34D148484E
:104E200002F048FAEDE70378012B17D0022B22D0CD
:104E30005BB94168D1E90223B3F1FF3F08BFB2F18A
:104E4000FF3F02D03E4802F025FA01A93B4802F09C
:104E500096F801A9394802F068F8D0E7416823685C
:104E6000994202D100232360EFE7354802F02BFA84
:104E7000EBE7C0E90289324802F01CFA0028F8D1B9
:104E8000304B01221A70E0E7296891B12968D1E915
:104E9000020182428B412FD22B68D3E90223B3F166
:104EA000FF3F08BFB2F1FF3F03D02968244802F05A
:104EB000F1F9234802F0FEF9D0E902480646FFF76F
:104EC00057FE201A68EB0108012878F1000818DB6A
:104ED000B0F5350F13D3FFF75DFF1B4A82181B484F
:104EE0004FF49603002101F0BBFD90B92B6813B974
:104EF000384601F089FD2E6003B0BDE8F0832246FC
:104F0000EDE71248002101F031FE3046FFF74CFE7C
:104F100001E00D28F9D000232B6072E7054B1B68D8
:104F2000002BE9D1384603B0BDE8F04301F070BD75
:104F3000E82A0020F42A0020E02A0020742A002019
:104F4000ACD00F00F02A0020FFFFB40010000020BA
:104F500043681B6818470000024B5B6803B11847A1
:104F6000704700BFF82A00200378052B0BD1074AB1
:104F7000D2F88434D2F88024D2B222B9044ADBB207
:104F8000052B08BF1046034B1B68184700700240F2
:104F9000D0D00F00F82A0020FFF7E6BF0148FFF746
:104FA000E3BF00BFB8D00F00012805D0022805D00C
:104FB00030B90448FFF7D8BF0348FBE70348F9E7D7
:104FC000704700BFC6D00F00C2D00F00BED00F0088
:104FD000024B0146D3E90002104700BF102B00200E
:104FE000022838B5044620D0431F032B8CBF002372
:104FF0000123144D2A78022A1ED0053A032A1BD910
:1050000013B1114802F01AFA2A786FF4827323411F
:1050100003F00103022A83F0010308D0082A06D016
:105020000BB103F0A3F82C7038BD0123E1E7002B8E
:10503000F9D103F091F8F6E7002BE5D102F028FA58
:10504000E2E700BF052B00201800002002064CBF3D
:10505000054A064A00F00F0302EBC303196009B1C9
:105060004A68116859607047582B0020102B0020A7
:105070002DE9F04F87B000260546894692469846AE
:1050800002966B6800225C682946012302A8A047AB
:1050900040B98DF80600049004460746BE4203D886
:1050A00005202AE00136ECE76B680DF10602D3F823
:1050B00004B02946012304A8D8476B680DF1070204
:1050C000D3F804B02946012304A8D8479DF8073037
:1050D0004B459DF8063015D1544511D1109A1360F7
:1050E00088F8003088F801906A68023B54682946C5
:1050F00008F1020204A8A047002007B0BDE8F08F25
:105100000134E4B26A68023BD2F804B029460022B6
:1051100004A8D8479DF806301F44BFE72DE9F743A0
:1051200005462B4803F038F8044600284CD1294B9B
:105130001870294B1860294B0146186048222848EE
:1051400007F0A1FA27484822214607F09CFA264B8F
:1051500025BB264A1D72C3E90025002002F0ACF9E8
:1051600018B1852801D003F0B3FD214F97F80890BE
:10517000002607F10908F4B2A1451AD904EB44044A
:10518000444400256378EAB2934210D9A3782344BB
:105190003946985CFFF75AFF0135F3E795E80700B9
:1051A00083E807000028D8D1104A1A60D5E70136F5
:1051B000E1E70B230E488DF8043001A9FFF7C8FE84
:1051C000044608B102F0B4FE204603B0BDE8F08307
:1051D000994F0F00052B00200C2B0020082B0020DE
:1051E000582B0020102B0020F82A002039550F00E2
:1051F000FCD00F0008B502F069FF08B9082008BD0F
:1052000002F06CFF0028F9D1044802F070F908B9E7
:105210000020F4E703F05CFDFAE700BFCCD00F00FC
:1052200002F090BE03F0D4BA4FF08043D3F8382494
:10523000920702D50348FFF797BED3F83824D10769
:10524000F4D47047BDD00F0007B5822301A88DF8B4
:105250000430FFF789FE03B000BD00002DE9F341E3
:1052600000F1090390F808C0DFF8A0E0DFF8A080A3
:10527000054600221E46624530D05F78002005E0DA
:1052800008EBC1010968013000293AD1C1B2B94225
:1052900009D299781C18645C04F00F012406EFD43D
:1052A0000EEBC101EEE70132D2B20333E3E7A2789D
:1052B00023442946985CFFF7C9FE01376278FBB2A8
:1052C0009A42F4D808F101082B7A5FFA88F4A342D5
:1052D00007D904EB440434440027EFE74FF00008FB
:1052E000F2E7094B1A6852B91D6001A90B23284641
:1052F0008DF80430FFF72CFE02B0BDE8F081136892
:10530000F0E71120F8E700BF0C2B0020102B002045
:10531000582B0020024B1878003818BF0120704726
:10532000042B0020030710B5044604D403F066F8EC
:10533000204603F011FB2046BDE8104003F0B8BA48
:1053400003F084BA014B1868704700BF0C2B002093
:10535000F0B50A4B1B687BB11D7A00229E1DD4B2AA
:10536000A54201D81B68F5E7013202EB4207F75D61
:105370008742F4D101B10C701846F0BD0C2B00200F
:105380001146FFF7E5BD000000F00F03082B09D818
:1053900002064CBF044A054A02EBC303186808B171
:1053A000FFF7D6BD10207047582B0020102B00208F
:1053B00038B5054B05461C6804B938BD294620465A
:1053C000FFF7C6FD2368F6E70C2B002038B5074B26
:1053D00005461C680CB9062038BD29462046FFF753
:1053E000B7FD0628F8D12368F3E700BF0C2B002097
:1053F00038B504460D4602F00FFF48B1054B1B7847
:10540000022B05D129462046BDE8384002F016BFE0
:10541000082038BD052B002038B504460D4602F0A3
:10542000FBFE48B1054B1B78022B05D129462046CF
:10543000BDE8384002F07ABF082038BD052B0020B7
:10544000F8B543689B6804460D46164613B92EB15D
:10545000072002E098470628F9D0F8BD237AAB422E
:1054600013D9093405EB45052C446778F3B29F4204
:1054700001D80020F1E762789A4208D9A219A378EE
:10548000D05CFFF74FFF0136F0E77378FFDE0023B3
:105490001B78FBE770B54368DB6804460D4603B133
:1054A0009847237AAB4213D905EB450509342C44C0
:1054B00000256678EBB29E4200D870BD62789A42B1
:1054C00009D96219A378D05C03F0C0F90135F1E77E
:1054D00000235B78FFDE00231B78FBE743681B6932
:1054E00003B118471846704770B5084B1C6804B9DB
:1054F00070BD267A0025E9B28E4201D82368F5E70F
:1055000000222046FFF79CFF0135F4E70C2B00201A
:1055100070B5084B1C6804B970BD267A0025E9B245
:105520008E4201D82368F5E72046FFF7B3FF013527
:10553000F5E700BF0C2B002038B503780F2B04468D
:105540000ED983F08002052A00D938BD813B042B97
:1055500062D8DFE813F02B0046006D007700D90019
:105560000F2BF2D801A252F823F000BF67560F00AC
:1055700097560F00F7560F00BB560F00D9560F0075
:1055800009570F001B570F004B550F0051570F00C5
:1055900055570F0059570F004B550F004B550F0033
:1055A0004B550F004B550F0013570F006B48FFF77B
:1055B0000FFD6A48FFF7FCFE0D20FFF7CDFCFFF75B
:1055C000A7FF00F0D2FE664B1B6843B9654B187A03
:1055D00002F058FD0120BDE83840FFF701BD012071
:1055E000F6E7FFF795FF03F0D1F80020FFF7F8FC8E
:1055F0005D48FFF7DDFE5C48FFF7EAFC0E20FFF791
:10560000ABFC5A4B1B78022B02D0053B032B9CD8DA
:10561000BDE8384001F03CBF544B1B78062B05D049
:1056200003F0FD03052B90D10220D4E70820D2E738
:105630004E4B1B78032B88D103F0E4F8002884D06C
:105640000420C8E7494B1B78032B05D103F0DAF897
:1056500010B10420FFF7C4FC02F04AFD00283FF41B
:1056600074AF0620B7E7414B1B78032B01D0082B02
:1056700002D13F48FFF760FF0020FFF76DFC384B79
:105680001D68002D3FF461AF28462146FFF760FCFE
:105690002B685D68F5E7FFF73BFF00F05DFE022039
:1056A000FFF79EFC0120FFF757FC2046FFF790FC18
:1056B0002046BDE83840FFF77BBE2C4B1B78082BFB
:1056C00006D10220FFF78CFC02F05AFD0320EAE726
:1056D0000520FFF785FCF9E70320FFF73DFC25488F
:1056E000FFF776FC2348FFF763FE204B1B78062B61
:1056F0009AD107206FE70320FFF772FC0220FFF723
:105700002BFC2046FFF754FE2046BDE83840FFF74B
:105710005FBC0F20FFF720FCCAE78278110602F079
:105720000F034CBF144A154A02EBC30301465A68E3
:105730001868904700283FF408AFA07802073FF4AC
:1057400004AF03073FF501AFBDE8384002F030BEBB
:105750000820DFE70920DDE70A20DBE7BCD00F00E7
:10576000082B0020F82A0020BBD00F00052B0020BA
:10577000BAD00F00B9D00F00582B0020102B0020FA
:10578000C36903B11847704703680022C3E91E22AA
:10579000C3E920221A845A62DA6203F134025A679A
:1057A000704710B5044658B90868037B202B09D10F
:1057B00000F10E010722183006F094FF204610BDBC
:1057C0000320FCE70620FAE74360CA699A420DD33A
:1057D0008A690260C8691A448A610A6FC01A1A4449
:1057E000C86100380A6718BF0120704701F128021C
:1057F00002608B6700207047F0B5054600680E7A9E
:10580000002800F08780A0F213307C2800F2198372
:105810007C2800F21683DFE810F0820096009800E2
:10582000A400B000BC00C800D40014031403140387
:10583000140314031403E900F50014031403140300
:10584000140312011E012C011403140314033F015D
:105850004B017901140314031403140361016D0156
:1058600079011403140314031403140314038501AE
:1058700014031403140314039901A501B101BD011C
:10588000C90114031403D501E101ED01F901090275
:1058900014031403150221022D0239021403140308
:1058A000450251025D0269027502140314031403D8
:1058B0001403140314031403140314031403140330
:1058C0001403140314031403140314031403140320
:1058D00092029E02140314031403B7021403140368
:1058E00014031403D4021403140314031403D40282
:1058F000140314031403140314031403E002EC024E
:1059000014031403140314030A03140314031403E9
:1059100014030A0308202871002B00F096820AB1B4
:10592000287910700B20012B287140F291820124FC
:105930000AB1287910550134087D28719C4205D39D
:1059400040F2153349E00024F2E700240AB1287937
:105950001055013402209C42287103D340F21633C3
:105960003BE000240AB128791055013402209C4202
:10597000287103D340F217332FE000240AB12879AD
:105980001055013402209C42287103D34FF4467312
:1059900023E000240AB1287910550134487E28718B
:1059A0009C4203D340F2193317E000240AB128794E
:1059B0001055013400209C42287103D340F21A3361
:1059C0000BE000240AB12879105501340020954FCE
:1059D0008642387003D840F29A33012033E209201E
:1059E000A342287103D840F22133F6E700240AB11C
:1059F00028791055013404209C42287103D340F2C9
:105A00002233EAE700240AB12879105585480F7A35
:105A10000078874204F10104834F40F21C8201F1B7
:105A2000090C00EB40000CEB000E9C421CF800003F
:105A3000C7F800E0287103D340F22733CDE70024F4
:105A40000AB128791055013400209C42287103D3F3
:105A50004FF44A73C1E700240AB1287910557248FF
:105A600000680134407828719C4203D340F2293306
:105A7000B3E700240AB1287910556B480F7D006800
:105A80000078874204F101041ED102209C42287153
:105A900003D340F22D33A0E700240AB12879105532
:105AA000013402209C42287103D340F22E3394E744
:105AB00000240AB1287910550134487E28719C428F
:105AC00025D340F22F3388E78F7D874223D10A20E8
:105AD0009C42287103D34FF44D737EE700240AB132
:105AE00028791055013400209C42287103D340F2DC
:105AF000353372E700240AB12879105501340020AB
:105B00009C42287103D340F2363366E700240AB181
:105B10002879105501340020A342287103D840F29F
:105B20003D335AE700240AB1287910553E480F7DCD
:105B300000680078874204F1010440F0E880052005
:105B40009C42287103D340F2423346E700240AB155
:105B500028791055013424209C42287103D340F247
:105B600043333AE700240AB1287910550134002064
:105B70009C42287103D34FF451732EE700240AB1DD
:105B800028791055013410209C42287103D340F22B
:105B9000453322E700240AB1287910550134012049
:105BA0009C42287103D340F246334CE100240AB1F1
:105BB00028791055013405209C42287103D340F206
:105BC00049330AE700240AB128791055013424200A
:105BD0009C42287103D340F24A33FEE600240AB106
:105BE00028791055013401209C42287103D340F2DA
:105BF0004B3328E100240AB12879105501340320E1
:105C00009C42287103D34FF45373E6E600240AB193
:105C1000287910550134887D28719C4207D340F2C1
:105C20004D33DAE6A82B0020A42B002000240AB173
:105C300028791055013404209C42287103D34FF475
:105C40005473CAE600240AB128791055013424207F
:105C50009C42287103D340F25133BEE600240AB1BE
:105C600028791055013402209C42287103D340F258
:105C70005233B2E600240AB12879105501340220CB
:105C80009C42287103D340F25333A6E600240AB1A4
:105C900028791055013405209C42287103D340F225
:105CA00056339AE600240AB128791055013424208D
:105CB0009C42287103D340F257338EE600240AB188
:105CC00028791055013406209C42287103D34FF4E3
:105CD000567382E600240AB1287910550134087DF4
:105CE00028719C4203D340F2593376E600240AB16E
:105CF000287910550134887D28719C4203D340F2E5
:105D00005A336AE600240AB12879105501345548FF
:105D100000684778544807700020544F3870524F3D
:105D20003F78874204D8524800780130C0B24EE62E
:105D30000720A342287103D840F26E334DE60024B9
:105D40000AB128791055013405209C42287103D3EB
:105D500040F26F3341E600240AB1287910554148DA
:105D6000424F00683F7890F801C0BC4504F101043F
:105D700075D990F802C038449C4210F80C00287184
:105D800003D340F2733328E600240AB12879105572
:105D900034480F7D00680078874204F1010406D181
:105DA00003209C4228710DD34FF45E7315E68F7D5E
:105DB00087420BD102209C42287103D340F27D33ED
:105DC0000BE600240AB12879105501344020A34283
:105DD000287103D84FF46173FFE500240AB12879D4
:105DE0001055013400209C42287103D340F28533C2
:105DF000F3E500240AB1287910551A480F7D006890
:105E00000078874204F1010407D1086A9C420078B7
:105E100028710DD340F28A33DFE58F7D87420BD1A5
:105E200000209C42287103D340F28F33D5E5002433
:105E30000AB12879105501340C4800780130C0B2FD
:105E40006BE7002318462B60F0BD40F21333C4E526
:105E50004FF44573C1E500233B601B78FFDE002350
:105E6000FBE700BFA42B0020A12B0020A02B0020CB
:105E7000A82B0020037A012B06D9437B012B06D9DE
:105E8000837B1844407B704700235B78FFDE002350
:105E90001B78FBE72DE9F0470B7888B005460C46E8
:105EA0000E2B1AD8DFE813F03F013C013F013F0100
:105EB00019000F00A50019001900390119003F0150
:105EC0003F013F013F014A78D1094FEA521332D0D6
:105ED00013F0030303D0012B1ED0062424E102F0AB
:105EE0001F02012AF9D1A278062AF6D105A8039348
:105EF00000F0A0FC03AB0093E2782179034606464C
:105F00002846FFF7B5F80528E7D0601C039A31460C
:105F100000F046FA044607E1A378212BDDD1B4F85E
:105F20000720072AD9D10168601C183108B0BDE8E4
:105F3000F04700F035BA012BCFD1A3780668202BAB
:105F400035D0222BC9D1B4F80730002BC5D196F833
:105F50002030B4F80340348403F0010304F001045A
:105F6000A34200F0E080C4F10301C9B2FFF708FCCE
:105F7000002C40F0D8802B7A012B40F2D9806B7B2B
:105F8000002B00F0D780AB7B2B44187B02F056FB34
:105F90002846FFF76FFF02F051FB06F13403C6E914
:105FA0001E44C6E920447462F4627367BBE0B4F82F
:105FB0000720072A91D13373B4F807307373002494
:105FC000DBB220460E3606930794059600F0B0FC2F
:105FD000204605A9FFF70CFA044630B9574B03A930
:105FE000CDE9033500F0CAF90446002000F0A2FC18
:105FF0009AE0037A002B00F09F80837A00F1090178
:10600000002B00F09780C27AA3788A5C9A4200F055
:106010008A801B0694F803900BD5B9F1000F04D0C9
:10602000B9F1030F7FD003247EE00121FFF7A8FB25
:1060300079E009F0FD03012B75D0B9F1000FF2D121
:106040000468FFF717FF3E4B059304F10C0306931A
:10605000A76A8046AFB9E36FA767C4E91F73E36A15
:10606000002B48D0D4E90B01C4E90901E76205A976
:106070004046FFF7D1F9044600212846FFF780FB90
:1060800052E0D4F884A0606A574528BF574604F10F
:10609000340631463A4606F025FBE36F3B44C4E93B
:1060A0001F93AAEB0703A367E36A3E44666713B333
:1060B00004F1240604F12C0797E8030086E80300A6
:1060C000A36FC4F82C9023B3D4E909029A42616FFC
:1060D00014D806F007FBA36AA26FC4F88030D21A66
:1060E000A267626F1A44626700212846FFF748FBE7
:1060F000E36A002BE0D163620024BDE71A4606F094
:10610000F1FAA26FA36AE2679B1AA362636A13445F
:106110006362636A002BAAD1EEE70321FFF730FB2D
:106120002846FFF731FB0024204608B0BDE8F08781
:106130006378FFDE1B78FCE75B78FAE7A3570F0074
:10614000C9570F001FB5036893F82030DB0713D53C
:10615000037A012B12D9437B9BB1837B18449306AE
:10616000CDE901120CBF01230023007B039301A999
:10617000FFF73EF905B000BD0820FBE700235B7880
:10618000FFDE1B78FCE700002DE9F3410468238C57
:10619000DB0780460F46164645D5002000F0C8FBB9
:1061A000656A002D37D1A26FB24213D3616F3246B8
:1061B000384606F097FAA36FC4F880609B1BA3676C
:1061C000636F33446367002000F0B4FB284602B0DD
:1061D000BDE8F081C4E909764046FFF74BFE134B5A
:1061E000009304F10C030646019362B1616F3846D7
:1061F00006F078FAA36FA26AD21AA262626AC4E9B0
:106200001E531A44626269463046FFF705F9051EBF
:1062100008BF9225D7E7E36A1BB9C4E90B7692253C
:10622000D1E71125CFE70825D0E700BFC9570F00F8
:10623000002070472DE9F04F87B04B6802928346EB
:106240000C463BB90B681B681B68019313B98D683A
:10625000002D67D002F0A8F8E368029A01909A42F4
:1062600028BF1A464FF0000A04F110039146554624
:106270004FF001080393B9F1000F28D0A3686168BB
:106280004B451F4628BF4F4641B3019B3A4658191C
:1062900006F028FA00236360A268E368D21BDB1BC8
:1062A000A260E3603D443ABBBAF1000F03D022681C
:1062B00012681268226003B3236813BB636035B1B0
:1062C000029BAB428CBF4FF0000808F00108019B15
:1062D0004046CBE9003507B0BDE8F08F002BDBD09E
:1062E0002168019A4B680398D3F804A02A443B46DE
:1062F000D0474FF0010ACFE703B99846A9EB070949
:10630000B9E70023049321684B685B6800221E46AE
:1063100004A80123B04708B92061EFE7A36801335F
:10632000A360F0E7A846D2E7084B1A7882420CD067
:10633000052818BF064A187018BF137805481CBFF7
:1063400023F002031370FFF7F7B870471D2C0020ED
:106350001C2C0020E8D00F0008B50020FEF7E2FF5B
:10636000BDE808408020FEF7DDBF08B50020FEF73D
:10637000E7FFBDE808408020FEF7E2BF38B50546DC
:106380000C4602F0B9F8A84203BFD4E90001034B60
:10639000C3E90001102008BF002038BDD02B002029
:1063A0007FB5C38893421D4628BF154693420E46CB
:1063B000144620D9802001F029FFB4FBF0F303FB41
:1063C0001044B4FA84F4640900200394CDE9016513
:1063D00000F0AEFA01A98020FFF70AF8044620B9C0
:1063E00006498020FFF7CAFF0446002000F0A2FA09
:1063F000204604B070BD0024E6E700BFF4D00F00D3
:106400002DE9F04F0B780E2B87B00E4613D8A3B1B1
:10641000013B0D2B11D8DFE813F015001D0019000A
:1064200010002D00EB0110001000100010001D00E6
:10643000DD01E101E901852B16D00624204607B0D5
:10644000BDE8F08F0320FFF76FFFF6E7A34800F0E9
:10645000D3FD08B90024F1E7A14B0122DA65BFF3AF
:106460006F8FBFF34F8FF5E79E4B1B78032BE4D163
:106470000420E8E705239C4D8DF80C300DF10D004C
:1064800001F0CCFF00232B609DF80D3003F01F02BC
:10649000032A00F21A81DFE812F00400F60053012B
:1064A000A60013F0600640F09E809DF80E10002BB1
:1064B00000F0A28006291DD0082900F08E80002956
:1064C00040F09180894C0222204606F0DCF82378C7
:1064D000864943F001022270854A1278920744BF30
:1064E00043F00303237002220DF10D00FFF758FF64
:1064F000044648E09DF81030022B0BD0032B5DD0F2
:10650000012B70D1BDF81330002B00F08781794941
:106510001222E9E7BDF81370002F00F07F81092FE8
:1065200028BF0927FEF70EFF4FF009080446B246C0
:1065300074BB6E4C70493A46204606F0D3F826717B
:10654000A4F80280FEF7E6FE18B1E37943F02003D9
:10655000E371FEF7F7FE694BC3E900049F60BDF8E5
:106560001320DA60002000F0E3F965498020FEF78F
:1065700053FF044620B963498020FFF7FFFE04461D
:10658000002000F0D7F9062C2DD0002C56D04DE07D
:10659000CDF804A04FF0000963680022D3F804B0DE
:1065A0002146012301A8D84728B9237A1E4423682D
:1065B000C8441C68BCE709F10109EDE7BDF81330D8
:1065C000002B00F02B81BDF811109DF80F0000F09A
:1065D0007FF9014638B1027886E7424B1B78052BDC
:1065E00005D0042B04D003A8FEF7F0FEA6E0012698
:1065F0003E4901220E7077E703290FD0092929D0DF
:106600000129F0D1BDF80F30012BECD1FEF782FE4D
:1066100058B1374A137823F002030EE0BDF80F306B
:10662000012BE0D1FEF776FE18B90F2401F05AFFD6
:1066300004E72F4A137843F0020313702B68002BF2
:1066400000F0EC8001F058FF00287FF403AF01F068
:106650000BFFFFE6234B1B78043BDBB2012B01D978
:106660000824E3E79DF80F302BB9FEF751FF042013
:10667000FFF75AFEE2E7012B01D00724D6E7FEF729
:1066800033FF0520F4E79DF8110001A9FEF760FE35
:10669000064608B91024C9E79DF8041003AAFEF7BE
:1066A0006FFE062804467FF470AF9DF80D2012F0AF
:1066B000600F0AD10B4B9DF8041018789DF80E302E
:1066C000D4092ED01BB10A2B1ED00624AEE7052814
:1066D000C6D106490B8002221EE000BF182C002004
:1066E000007002401D2C0020D02B0020D82B002051
:1066F0001C2C002029D10F0020D10F00AC2B002032
:10670000ECD00F00F4D00F000528A9D13046FEF7D9
:10671000E5FE4549224608700DF10D00FFF740FEE9
:106720000CE00B2BD1D105289AD1BDF80F30FF2BEF
:10673000A3D89DF80F203046FEF782FE044624E7DA
:106740009DF8110003071CD19DF80D3003F0600384
:10675000002BBAD19DF80E20344B9DF811401B78C8
:10676000012A25D0032A14D0002AAED1052B02D04D
:1067700027077FF475AF204601F026FE2A490880DE
:10678000A9E703A9FEF700FE062804467FF4FDAE44
:10679000DAE7260799D4BDF80F20002A95D1200703
:1067A00093D0052B7FF45CAF204601F001FE45E756
:1067B00021078AD4BDF80F20002A86D1220784D071
:1067C000052B7FF44DAF204601F018FE204602F065
:1067D000C3F833E70020FFF7A7FD3BE64FF0804307
:1067E000D3F83834DB0701D50220F4E70120F2E7C3
:1067F000C87803283FF421AE0D4D2B688BB10022E1
:1068000069682A609847044600287FF40FAF2B6818
:1068100023B1B378002B7FF41DAE18E701F058FECA
:1068200018E60E2402E700BFD82B00201D2C002004
:10683000D02B002008B1402303600148704700BFFF
:10684000D82B002070B54FF0805286B0D2F8A83017
:10685000D2F8A42000926FEA83436FEA93430B4A75
:106860000B4E9BB20D2102A805F0B2FE02AD002432
:1068700002A805F045FF844201D306B070BD15F8AB
:10688000013B06F8013B0134F2E700BF3BD10F00AA
:106890001E2C002010B50D4B53F8204023780BB967
:1068A000A01C10BD0020FFF7C5FF013C00235A1CAF
:1068B000A15C29B95300DBB243F440730380F0E7D5
:1068C000D3B220F813101346F1E700BF7CD10F00BC
:1068D00008B9FFF7DFBF012807D0022805D0032839
:1068E00003D0042801D0052809D1064B03EB40034F
:1068F000587820B1044B53F82030002BE9D1002008
:10690000704700BFE0D10F007CD10F0072B6024A81
:1069100013680133136070472C2C0020034A13685E
:10692000013B136003B962B6704700BF2C2C0020F6
:10693000FFF7ECBFFFF7F2BF30B53AB11368DB43A6
:106940000A4D0144884204D1D84330BD4FF0FF3393
:10695000F6E710F8012B5340082213F0010418BF8A
:106960002C46013A84EA5303F7D1EBE72083B8EDD4
:106970000346405882B028B100225A505B58019318
:10698000019B012002B0704710B51B4C437944F8BD
:1069900023201A4C04EBC3031B795BBB03680A88F2
:1069A000C3F8082590F904308A78002BADBF03F1B5
:1069B000604303F00F03124903F561434FEA4212AB
:1069C000B4BFCA5483F8002390F90430002B08DBCD
:1069D0000122590903F01F0302FA03F3094A42F89E
:1069E0002130437904EBC302012144F833001171D3
:1069F000002010BD0820FCE7382C0020302C00209F
:106A000014ED00E000E100E0036801221A60704725
:106A1000036801225A607047F7B505684FF4803467
:106A20008C40C5F808430568C5F8484301F1500596
:106A3000AD000668ADB20027775175590195019DEB
:106A4000056801F5A87122F07F4245F8212002680F
:106A5000C2F8444313B10368C3F8044303B0F0BD64
:106A60002DE9F34799464FF48038036808FA01F896
:106A7000C3F848830368C3F8088322F07F4502689F
:106A80000E46D2F8041502EB860206F15007D2F842
:106A90004035C2F84015BF000268BFB24FF0000A8F
:106AA00042F807A05B1AD259009223F07F43012BD2
:106AB000009A04460BD1254B4FF4806043F001034C
:106AC0009847236843F807A0DB590193019B23688B
:106AD000D3F80475C3F84483EB1B23F07F43012BE9
:106AE000226806F5A87611D1184B013542F82650D8
:106AF00043F001034FF4806098472268D2F80435D0
:106B00009F421BD00D2002B0BDE8F08742F826500E
:106B10002268D2F80435E91A0139C9F1FF1921F0C8
:106B20007F4109F57F498945ECD339B9013542F8F0
:106B300026502268D2F804158B42E2E7C2F844835B
:106B400023680020C3F80483DDE700BFF0D10F0005
:106B500002680223C2F8443311B10268C2F8043358
:106B6000704700684FF48271FFF702BF4FF4803323
:106B700003FA01F10368C3F848130368C3F8081364
:106B8000704750318900006889B2FFF7F1BE036891
:106B9000D3F804057047000090F90430002B09DB9E
:106BA0005A09012103F01F03994002F14003024AF0
:106BB00042F82310704700BF00E100E0024B034A97
:106BC0001B681068184700BF382C0020302C0020AC
:106BD00038B51748174B0268002A26DC5C789A887B
:106BE000D97BB4B15C7B651A954207DC00225A70F0
:106BF0005A699C8002B10532026001E0114499801B
:106C000019790D4800F031F988B1BDE8384002F03B
:106C10005FB89C7B6518954204DB01225A709C800A
:106C20001A69E7E7521A9A80EAE7FF3AE4E738BDC3
:106C30003C2C0020402C0020702C002038B54378DC
:106C40000546002B3DD082789A423AD2C378002B79
:106C500037D0C368002B34D01B4C5422002120466F
:106C600005F011FD1422294604F10C0005F03AFD4F
:106C7000EA78AB781344A3804FF480732380EB68E9
:106C8000A360237B84F82030EB68A3622B696362E6
:106C9000FF2384F821300D4A0D4BE36204F12001FB
:106CA00004F1300000F08AF860B90123A370A978DC
:106CB000EB78194404F13000C9B2BDE8384000F067
:106CC000D4B8072038BD00BF402C0020D16B0F0086
:106CD000F8D10F000146014800F0A4B8702C002044
:106CE000014800F0B3B800BF702C0020014B1861C0
:106CF000704700BF402C0020014B5861704700BF17
:106D0000402C00200178036AC26821B1C3F80C2529
:106D1000002343707047C3F80825F9E710B5037DD9
:106D20000446002B3FD183697BB9E278A378934274
:106D300013D12178236AE26861B1C3F808250123E1
:106D40006370A378053323611BE098472379022BF6
:106D5000EBD010BDC3F80C25F1E71AB92046FFF7B8
:106D6000D1FFEEE72078236AE168C8B1C3F80815BF
:106D7000A37813FB02F31B12012105336170236119
:106D800021752379022BE4D1E36921691868224631
:106D9000FDF7B4FF0028DCD0BDE8104001F098BF3B
:106DA000C3F80C15E4E7FFF7ADFF00238278037505
:106DB000C378D31A53431B12C4E7000070B5826135
:106DC0000B788D6803708B68144AC0E902334B68F6
:106DD00003624B7883700446C868E0610021FDF7C8
:106DE0007BFF064638B90346032035B92046FFF736
:106DF00089FF01232371304670BDEA070AD5202B95
:106E000013BF1A46002206494FF0A04102F5E07276
:106E100041F8220001336D08E7E700BF1D6D0F0048
:106E200000030050022370B50371C1600D46FFF7E7
:106E300069FF8368866904462B43002583600575D6
:106E40008561FFF76BFFA661284670BD38B5C36941
:106E500004461868FDF77BFF05462046FFF752FF02
:106E60000DB901232371284638BD83788B4226BF94
:106E7000C17000200720704750E8012FC2EA02428B
:106E800040E80123002BF7D1704750E8022FC2EAF7
:106E9000224240E80223002BF7D1704710B561B1C0
:106EA000B2FBF3F403FB1424A4B244B9C0E9001408
:106EB00084608281C381204610BD0E20FCE709203A
:106EC000FAE737B550E8013F9DB2C489254484896B
:106ED000A54228BF2D1B0489A54202BFBFF32F8FF7
:106EE000002207E0C5EA030540E80154002CE9D17F
:106EF0004FF001028DF803200193019A9DF80330B1
:106F00000A6023B1006810FA82F003B030BD03F0CC
:106F1000FF00FAE708B50A884B889A4203D1FFF7C9
:106F2000ABFF012008BD0020FCE737B550E8023F69
:106F30001FFAA3F5C488A54202BFBFF32F8F00221A
:106F40000DE0C48925448489A54228BF2D1BC3EACE
:106F5000054540E80254002CE8D14FF001028DF8BD
:106F600003200193019A9DF803300A6023B1006861
:106F700000EB124003B030BD03F0FF00FAE708B5A4
:106F80000A884B889A4203D1FFF77FFF012008BD92
:106F90000020FCE710B5034653E8000F0A4643E81B
:106FA000002494F0000FF7D110BD10B5034653E84C
:106FB000000F40EA010243E8002494F0000FF6D1EC
:106FC00010BD10B5034653E8000F00EA010243E884
:106FD000002494F0000FF6D110BD10B5034653E81D
:106FE000002F02EA010043E8000494F0000FF6D1FC
:106FF00010BD0121FFF7D9BF0021FFF7E2BF00213B
:10700000FFF7EBBF10B588B1D0E9012301689B1AE7
:10701000DBB20A60026813B91371184610BD11681B
:10702000013BDBB24C1C14600B70F3E70E20F5E75C
:1070300038B504460020FFF77BFC226861681368BE
:107040008B4215D9591E116013F8013C228AE5685C
:1070500002FB03552268A36811685B1A1179DBB241
:10706000994200D213710020FFF764FC284638BD16
:107070000025F8E738B5054600200C46FFF758FC18
:107080002A681368591C1160EA68A41A2A8AB4FB9A
:10709000F2F41C70BDE838400020FFF74BBC10B480
:1070A00028B121B101600B6810BC114618470E20B1
:1070B00010BC70472DE9F04108B302B3D0F800E0EE
:1070C000BEF1000F1ED0FBB14768D7F80480B3FBB8
:1070D000F8F708FB1737BFB942EA010C1CF0030FA1
:1070E00014D1C768B94211D305694C1E1C44AC4287
:1070F0000CD8DEF80C40A446BDE8F04160470E20F5
:10710000BDE8F0810820FBE70920F9E71020F7E748
:10711000F0B5B8B10668BEB1C2B14768D7F800E0B3
:107120000EF1FF370F4213D1C768B94210D305697A
:107130004C1E0EFB0244AC420AD83469A446BDE89A
:10714000F04060470E20F0BD0820FCE70920FAE778
:107150001020F8E770B550B90E4D0F4C0026641B97
:107160001423B4FBF3F4B44208D1002010E0036808
:10717000002BF1D0BDE87040DB6918472B6813B9CC
:1071800001361435EFE7DB69284698470028F7D029
:1071900070BD00BFE8000020FC000020014B4360F0
:1071A000002070471CD20F0008467047002070472F
:1071B000024B1868003818BF01207047942C00203B
:1071C00008B50248FFF71BFF002008BD942C0020E3
:1071D00008B510461A4605F085FA002008BD0000E3
:1071E0002DE9F041804686B011480F4616461D46EF
:1071F000FFF7FFFE0446C8B9AA083146384600F03A
:10720000B7F90B48FFF7FBFED8F8083053B101225D
:107210008DF800200C9A0592CDE90147CDE9036570
:1072200068469847204606B0BDE8F0811124F9E78A
:10723000942C00202DE9F043814687B014480F4676
:1072400016469846FFF7D5FE0446F0B90546AE420D
:1072500015D10F48FFF7D3FED9F808305BB10222F1
:107260008DF800200022CDE90127CDE90326CDF8D5
:10727000148068469847204607B0BDE8F08307EBC6
:10728000053000F047F90135E1E71124F3E700BFCD
:10729000942C002070B5446806460D46206818B14D
:1072A000B3682946984718B923682B60256070BDDC
:1072B0002468F3E74368186808B102681A607047E9
:1072C0004368186870474368186800B970471A68BF
:1072D0008A4203D10A681A60012070471346F3E717
:1072E000F0B568B361B35BB300241C600A44DB27CC
:1072F0004FF0DC0C4FF0DD0E1C688A4204F10105F2
:1073000004D11D60C02303550020F0BD0E78C02EAF
:1073100005D0DB2E0CD01D600D78055506E01D60F4
:1073200007551C68651C1D6000F804C00131E3E7C7
:107330001D6006551C68651C1D6000F804E0F5E73B
:107340000E20E2E710B588B3D0E902239A422FD08D
:107350000378012B10D0022B22D00BB1112010BDCD
:10736000C02927D0DB2902D101230370F6E7436847
:10737000541C84609954F1E7DC2905D0DD290AD03A
:10738000022303700B20EAE7511C43688160C0218F
:1073900099540023E9E7511C81604368DB21F7E73A
:1073A000C029DBD1002303708360D7E70E20D6E726
:1073B0000420D4E71846D2E738B5084B051EA3F1E0
:1073C000080214BF1C46144623682BB11A682260B9
:1073D0005B6828469847F7E738BD00BFA82C002017
:1073E00020B9054B01225A70FFF7E6BF012802D1F0
:1073F000014A9070F8E77047982C002038B50C4C83
:1074000023789BB90B486360A3602361E36000F0BD
:10741000E5F8054600F0EEF801232370064BD3F89B
:1074200000340BB10123A370284638BD8525F5E74C
:10743000982C0020E1730F000000014038B5134C78
:107440006378054603F0FF0073B115B16B68002047
:1074500098470020FFF76CFA636801336360BDE86A
:1074600038400020FFF766BAFFF762FA25B1A2683C
:1074700013463BB92A60A5606368002BECD100F08D
:10748000CFF8E9E79D42F7D01B68F2E7982C00207F
:1074900038B5084C0020FFF74BFA6368013B636086
:1074A000656815B900F0C8F86570BDE8384000207F
:1074B000FFF740BA982C002010B5074C23784BB941
:1074C000064B002808BF184600F006F908B901234A
:1074D000237010BD8520FCE7AC2C002028D20F00C3
:1074E00008B500F028F9BDE8084000F02BB910B548
:1074F0000446FFF7F5FF204600F010F900F014F9FC
:10750000002010BD024AD2F80034002BFBD0704797
:1075100000E001400A4908B50223C1F80435BFF371
:107520006F8FBFF34F8FC1F80805FFF7EBFF002304
:10753000C1F80435BFF36F8FBFF34F8F08BD00BF95
:1075400000E0014010B5094C0123C4F80435BFF335
:107550006F8FBFF34F8F0160FFF7D4FF0023C4F894
:107560000435BFF36F8FBFF34F8F10BD00E00140B4
:1075700070B50E4D01231646C5F80435BFF36F8F65
:10758000BFF34F8F0024B44207D10023C5F8043560
:10759000BFF36F8FBFF34F8F70BD51F8243040F8A9
:1075A0002430FFF7AFFF0134EDE700BF00E00140FA
:1075B00010B5034653E8000F00EA010243E8002437
:1075C00094F0000FF6D110BD00F18040002382B08E
:1075D000036003680193019B02B07047044A13796A
:1075E00023B90121106091801846704785207047AB
:1075F000B02C0020084B1A68D20704D4C02283F8AC
:10760000002301221A604FF080420123C2F818358E
:10761000024A1370704700BF00E100E0AD2C00206B
:1076200008B54FF48070FFF7CFFF4FF08043012281
:10763000C3F804231A6008BD4FF08042012108B549
:107640004FF48070C2F80813FFF7BEFF5160D2F804
:107650000C3403F00113B3F1011FF8D0014B0022E9
:107660005A7108BDB02C002010B54FF08041D1F800
:10767000003163B14FF48070FFF7A6FF01220D4B7C
:10768000C1F80823587910B95A711B6898474FF010
:107690008042D2F8043163B14FF48270FFF794FF57
:1076A0000223C2F80833034BBDE810401B680120D9
:1076B000184710BDB02C002000F1804382B01A683A
:1076C000101E18BF012022B100221A601B6801930E
:1076D000019B02B0704700000E4A1378C3B90378CB
:1076E0004FF08041C3F34003C1F88035037803F0C5
:1076F0000103C1F87835084B1968C90704D4C021C3
:1077000083F80013012119600123137000207047D2
:1077100085207047C42C002000E100E0014B026886
:107720001A607047B82C00204FF080434FF460720D
:10773000C3F8042370474FF080434FF46072C3F8DE
:1077400008237047014B00221A607047B82C0020B4
:1077500010B54FF08043D3F80443620707D54FF4C8
:107760008470FFF7A9FF10B11E4B1B689847A30652
:1077700008D54FF48A70FFF79FFF18B11A4B00200D
:107780001B689847600608D54FF48C70FFF794FF8C
:1077900018B1154B01201B689847210608D54FF4F6
:1077A0008E70FFF789FF18B1104B00201B689847B7
:1077B000E20508D54FF49070FFF77EFF18B10B4B30
:1077C00001201B689847A3050AD54FF49270FFF774
:1077D00073FF28B1054BBDE810401B680220184715
:1077E00010BD00BFC02C0020BC2C0020B82C0020F5
:1077F00008B5FFF7ADFFBDE80840FFF735BF000053
:1078000010F0080F074B06D0D3F8C00410F4803FE7
:1078100018BF0020704700F00F0000F5947053F877
:1078200020007047007002404FF08053D3F83021A1
:10783000082A05D1D3F83401003818BF0120704759
:107840000020704730B54C689C420AD20025456044
:1078500009680160201E18BF0120934218BF002054
:1078600030BD43600D6805600868E41A18444C6038
:107870000860EFE74B689A4228BF1A460B68C0E9D8
:10788000003248680B68801A4860134400380B6067
:1078900018BF012070474B689A4228BF1A4662B150
:1078A0000B68C0E900324B689B1A4B600B68101ED6
:1078B00013440B6018BF012070471346F1E7000026
:1078C000054B10F0800F03F1900218BF134600F033
:1078D0000F0003EB00107047E02D002080F0FF0345
:1078E000DB0900F00F0000EB0310704707B5064AF4
:1078F00000231370054A137001230193044B01A860
:107900001B68984703B000BD0D2F00200C2F0020EE
:10791000102F002070470000F8B54B680B4F9A42BB
:1079200028BF1A460C46154606460968384604F034
:10793000D9FEC6E9007560682368401B2B4460606F
:107940002360003818BF0120F8BD00BFC82C0020FC
:1079500070B54B689A4228BF1A4606460D46144633
:1079600082B10968084804F0BDFE074BC6E900343F
:107970006B681B1B6B602B682344201E2B6018BF99
:10798000012070BD1346F1E7C82C002008B5002087
:10799000FEF7CEFF0A4BD3F8001C032261B949F26F
:1079A0007531C3F8001CC3F8142DC3F8001CBDE8E2
:1079B00008400020FEF7BEBFC3F8142DF7E700BF54
:1079C00000E0064008B50020FEF7B2FF0A4BD3F8EE
:1079D000001C61B949F27532C3F8002CC3F8141DBC
:1079E000C3F8002CBDE808400020FEF7A3BF00222A
:1079F000C3F8142DF6E700BF00E0064007B50023EA
:107A0000ADF804300B4BD3F82025ADF80620D3F8A1
:107A1000C034094A002B136814BF4FF001214FF402
:107A200080710B431360054B01A81B68984703B096
:107A300000BD00BF00700240082F0020102F002062
:107A40004FF08053D3F83031082B02BF034B002294
:107A5000C3F81C2C024B00221A70704700700240C1
:107A6000002F002008B5FFF7EBFF0146FFF728FFC6
:107A7000837B032B0AD10846FFF730FF01218140A9
:107A8000BDE808400348C943FFF792BD0368002BD7
:107A9000F1D008BD042F00208720FFF7E3BF862028
:107AA000FFF7E0BF8520FFF7DDBF8420FFF7DABFD7
:107AB0008320FFF7D7BF8220FFF7D4BF8120FFF7D5
:107AC000D1BF000008B5FFF7BBFF084B93F89E201D
:107AD000032A06D1BDE8084005486FF00101FFF711
:107AE00067BDD3F89030002BF4D008BDE02D002006
:107AF000042F002073B5012202FA01F51C491D4E26
:107B00000B6810F0800F43EA050304460B6024D095
:107B100000F00F02184B33F8123003F1804303F5E5
:107B20001C331A684AB100221A60BFF36F8FBFF38B
:107B30004F8F80280ED0FFF795FF33681D4207D185
:107B4000062301938DF806400C4B01A81B6898474B
:107B500002B070BDFFF7B6FFEFE733681D42F7D103
:107B60000623ADF804308DF806008DF80720EBE70A
:107B7000082F0020042F00204ED20F00102F0020CD
:107B800008B5054B1A781046FFF7A8FEBDE8084077
:107B900001461046FFF7AEBF0C2F0020FFF792BF43
:107BA00007B5FFF74DFF0A4B93F88E20032A0DD03F
:107BB000D3F8803053B907486FF08071FFF7F8FCB5
:107BC000054B0193054B01A81B68984703B000BD06
:107BD000E02D0020042F002006000800102F0020B8
:107BE00007B5FFF72DFF0E4B93F81E21032A07D18F
:107BF0000C486FF4807103B05DF804EBFFF7D8BC5C
:107C0000D3F8103153B907486FF48071FFF7D0FCF7
:107C1000054B0193054B01A81B68984703B000BDB5
:107C2000E02D0020042F002006008800102F0020E7
:107C30002DE9F04F5E4D2B7885B0002B70D15D4C57
:107C40005D4B1968236819406AD011F001236AD08E
:107C500093FAA3F1002969D0B1FA81F10F2967D90C
:107C6000A1F110085FFA88F84046FFF729FE4FFAA5
:107C700088F94FF0010B0BFA01FBB9F1000F8246B6
:107C80006FEA0B0B57DA03688289416802A89847AC
:107C900008B9CAF800004FF0805308F00800D3F884
:107CA0003031082B02BF454B8222C3F81C2C012324
:107CB0002B702368039A029903EA0B032360DAF816
:107CC0000830B9F1000F1344CAF8083008F00F0863
:107CD0003A4B5EDA002854D0C3F8A016C3F8A426A5
:107CE000042303EB880303F1804303F51C330122D3
:107CF0001A60BFF36F8FBFF34F8F314B314A2F495B
:107D000013EA290338BF134633F8183003F18043D0
:107D100003F51C331A681AB9D1F80021002AF9D0EA
:107D200005B0BDE8F08F91FAA1F193E7202197E724
:107D300041F0800898E74046FFF762FDBAF80C2052
:107D4000DAF80410DAF800600346074602A8B047E4
:107D5000029A002A9CD0039A974299D902278AF85E
:107D60000E7059461448FFF723FC0623ADF8043083
:107D7000154B8DF806801B688DF8077001A8984791
:107D80005EE7142000FB0833C3F80016C3F804268E
:107D9000A6E728B1C3F8A017C3F8A4272823A0E7B3
:107DA000142000FB0833C3F80017C3F80427F5E7D5
:107DB000002F0020082F0020042F00200070024018
:107DC0004ED20F003CD20F00102F002038B5134BBD
:107DD000D3F86C44C3F86C44BFF36F8FBFF34F8F7D
:107DE00001251CB9BDE83840FFF722BF94FAA4F181
:107DF00071B1B1FA81F30F2B19460CDDA1F110001E
:107E0000C0B205FA03F324EA0304FFF773FEE8E7C0
:107E100020231946F2E743F08000F2E700700240A9
:107E200013B5FFF70DFE0446FFF74AFD837B032BD6
:107E30000DD12046FFF752FD01218140C9430E4874
:107E4000FFF7B6FB02B0BDE81040FFF7F1BE0368D4
:107E5000002BF7D12046FFF741FD01218140C943A6
:107E60000548FFF7A5FB06230193044B8DF8064058
:107E70001B6801A89847E5E7042F0020102F002079
:107E80000720FFF7CDBF0620FFF7CABF0520FFF789
:107E9000C7BF0420FFF7C4BF0320FFF7C1BF022004
:107EA000FFF7BEBF0120FFF7BBBF000013B51D4B9E
:107EB000D3F80044C3F80044BFF36F8FBFF34F8F74
:107EC000BFF36F8FBFF34F8FE10508D5164B01222B
:107ED0001A7002230193154B01A81B689847A2054D
:107EE00008D5114B00221A70032301930F4B01A8F0
:107EF0001B689847630513D50B4B1A7882B1002293
:107F00001A70084B0122C3F808259A65BFF36F8FDA
:107F1000BFF34F8F04230193044B01A81B689847BC
:107F200002B010BD007002400D2F0020102F002065
:107F3000024A00231360024A13707047102F00207A
:107F4000142F002008B5494B4FF40062C3F80024F9
:107F5000BFF36F8FBFF34F8FFFF766FC08B1FFF7DA
:107F600015FD4FF08053D3F83031082B13D100208A
:107F7000FEF7DEFC3E4BD3F8001CC02200296DD179
:107F800049F27531C3F8001CC3F8142CC3F8001C67
:107F90000020FEF7CFFC354B0122C3F80025BFF3CC
:107FA0006F8FBFF34F8FD3F800241205FBD54FF42A
:107FB0000062C3F80024BFF36F8FBFF34F8F4FF001
:107FC0008053D3F83031082B12D10020FEF7B0FCDB
:107FD000274BD3F8001C002943D149F27532C3F86E
:107FE000002CC3F8141CC3F8002C0020FEF7A2FCE0
:107FF000FFF71AFC30B1FFF7E5FCFFF715FC08B1FD
:10800000FFF7C4FC4FF08053D3F83031082B174BE7
:108010000AD140F2E372C3F800284022C3F80428D2
:10802000BFF36F8FBFF34F8F00218022C3F81C2551
:10803000C3F830150F4B40F2FF121A600E4B196057
:10804000FFF7FEFC0D4B19700D4B02221A70FFF763
:10805000EBFB50B1BDE80840FFF7B4BCC3F8142CEB
:1080600096E70022C3F8142CBFE708BD0070024059
:1080700000E00640082F0020042F00200C2F0020D5
:10808000142F00200C4B00221A700C4A0C4B0028B5
:1080900008BF13460B4AC2F804330B4BC02183F8C8
:1080A0002713802159600123C2F80435BFF36F8F75
:1080B000BFF34F8F704700BF0D2F00200714C00182
:1080C0000714E0010070024000E100E0024B187864
:1080D000003818BF01207047142F0020034B187878
:1080E000012894BF00200120704700BF142F0020FA
:1080F00010B50020FEF71CFC144B1B7803F0FF04A6
:10810000CBB1134AD2F82C35EBB10023C2F82C3591
:108110004FF08053D3F83031082B0CD10D4BD3F8EE
:10812000001CC02261B949F27531C3F8001CC3F8C4
:10813000142CC3F8001C0020FEF7FCFB204610BDE9
:10814000C3F8142CF7E71C46F5E700BF0D2F0020FD
:108150000070024000E00640024B034AC3F80823C7
:10816000704700BF0070024004148001024B034AB4
:10817000C3F80423704700BF00700240041480015C
:10818000014B00221A7070470D2F002008B5FFF731
:1081900097FB818108BD000070B51A4B1C7874BB39
:1081A000194A106001221A70264614F0080F64F074
:1081B0007F050CBF40214FF40071E8B2FFF7E6FFE6
:1081C000E8B2FFF77DFB0134092C867306608660F8
:1081D000EBD10024254614F0080F0CBF40214FF4CA
:1081E0000071E0B2FFF7D2FFE0B2FFF769FB0134A4
:1081F000092C857305608560EDD1002070BD0820D5
:10820000FCE700BF142F0020102F002008B5FFF757
:1082100057FB808908BD0000074A10F0800F14BF8B
:10822000D2F81025D2F8142500F00F0322FA03F338
:1082300003F00100704700BF007002402DE9F041DB
:10824000054600200F46FEF773FB15F00F0103D122
:108250002B4B1B78AB424ED12846FFF73FFB294BF7
:10826000DFF8C4801C88D8F8003084F47F440126ED
:1082700084F0FF0486401C4334403ED12846FFF77B
:108280001FFB0C232A06844601FB03F32FD51E4A4D
:108290003968134401F06041BA68B1F1005F02F03F
:1082A00001021FD1E2B9194ACCF8002097E8070073
:1082B00083E80700CCF804300023CCF808308CF8B1
:1082C0000E30D8F800303343C8F80030104B80220D
:1082D000C3F804210020FEF72DFB2046BDE8F08105
:1082E0000C4AE1E70AB90C4ADEE70C4ADCE70C4A23
:1082F00013440C4AD8E71024ECE71124EAE700BF46
:108300000C2F0020082F0020742D002075780F00FE
:1083100000E100E097780F0019790F0051790F0004
:10832000082D002045780F00042F0020F8B50546E1
:1083300000200E46FEF7FCFA2B0724D02846FFF754
:10834000CDFA154B154F1C883B6884F47F440121FE
:1083500084F0FF0481401C430C401AD12846FFF7EB
:10836000AFFA846033680360736843603B6884736A
:108370000B433B600A4B8022C3F804210020FEF728
:10838000D9FA2046F8BD074B1B78AB42D6D0102453
:10839000F4E71124F2E700BF082F0020042F00208B
:1083A00000E100E00C2F002000487047C82C00209E
:1083B000044B40F48070C3F81805BFF36F8FBFF310
:1083C0004F8F704700700240020713D400F00F0374
:1083D00010F0800F084A0BBF03F5887303F5847310
:1083E00002EB830252F8230008BF5068431E584234
:1083F000584170470020704700700240064BC3F898
:108400000C05BFF34F8F40F48070C3F80C05BFF329
:108410006F8FBFF34F8F70470070024010B5082276
:108420000021044604F02FF90E4BD3F8802422706B
:10843000D3F884246270D3F88824D3F88C1442EAE9
:1084400001226280D3F89024D3F8941442EA0122E6
:10845000A280D3F89824D3F89C3442EA0323E38023
:1084600010BD00BF00700240034B0122DA64BFF36D
:108470006F8FBFF34F8F70470070024007B5FFF753
:10848000DFFA104B9A7B032A07D10F486FF4803133
:1084900003B05DF804EBFFF78BB81B6863B96FF4AA
:1084A00080310948FFF784F806230193074B01A8A0
:1084B0001B68984703B000BD03B05DF804EBFFF7FD
:1084C000D3BF00BFE02D0020042F0020102F00207C
:1084D000034B01221A65BFF36F8FBFF34F8F7047B5
:1084E00000700240034B01225A65BFF36F8FBFF348
:1084F0004F8F704700700240014B1878704700BFE3
:108500000C2F002010B504460020FEF711FA20467B
:10851000FFF7E4F90D4A012303FA00F0136823EA98
:108520000003136014F008020AD104F00F04084B92
:1085300004F5947443F82420BFF36F8FBFF34F8F7B
:10854000BDE810400020FEF7F5B900BF082F00205D
:1085500000700240F7B504460020FEF7E9F9204616
:10856000FFF7AEF905462046FFF7B8F9012314F0EE
:10857000800F2E4903FA00F019D10B6830EA03038B
:108580000AD02046FFF7BEFF0323AB73002003B0E1
:10859000BDE8F040FEF7CEB92B600B68244A23EA11
:1085A00000030B60136823EA00031360ECE7230762
:1085B00015D4802C1F4B2ED004F00F0202F2DA32B9
:1085C0005200C3F80028D3F80428D3F8046842F016
:1085D0000202D2B23243C3F80428D3F80438144E4E
:1085E0000A68336862EA03070742CFD0034322EAEE
:1085F0000002336000230A602B600323AB738DF805
:1086000007300D4B8DF8064006221B68ADF804209C
:1086100001A89847BAE740F2B472C3F80028D3F82B
:108620000428D3F8046842F00402D2E7042F0020A3
:10863000082F002000700240102F0020FFF78ABF93
:1086400073B5154B154CD3F88054154A2388154E35
:108650001268307883F47F4383F0FF031A43FFF7F7
:108660003DF901238340134202D03078FFF772FFB7
:108670006FF0011125F07F0509483570FEF798FF6E
:10868000236843F00103236005230193064B01A8EF
:108690001B68984702B070BD00700240082F002090
:1086A000042F00200C2F0020102F00202DE9F04176
:1086B0001D4BD3F80413002301251E4671B91B4F2F
:1086C00003F4000623F400044FF00108ECB9FFF7AF
:1086D000AFFA36B3BDE8F041FFF7B2BF91FAA1F2AD
:1086E0008AB1B2FA82F212489400201805FA02F216
:1086F00004682CB10660BFF36F8FBFF34F8F134335
:1087000021EA0201DAE72022EDE794FAA4F5B5FAAE
:1087100085F557F8253008FA05F5984724EA050449
:10872000D4E7BDE8F08100BF0070024060D20F00C6
:1087300000710240F8B5134E134B35681B686FF398
:108740000F051D4301271DB940F2FF133360F8BD2B
:1087500095FAA5F47CB1B4FA84F40F2C20460DDD13
:108760001038C0B2030701D4FFF7F4FE07FA04F48F
:1087700025EA0405E7E720242046F1E744F08000DD
:10878000F0E700BF082F0020042F002038B50E4C62
:108790008025C4F8845163681B0613D5FFF7CAFF10
:1087A0000A4B0022C3F80425BFF36F8FBFF34F8F2E
:1087B000C4F88450BFF34F8FBFF36F8F4FF0FF3279
:1087C000C3F8082338BD00BF00E100E0007002409C
:1087D00008B5FFF7DBFF094BD3F80423C3F80823E0
:1087E0000022C3F80025BFF36F8FBFF34F8FFFF751
:1087F00027F9034B01221A7008BD00BF0070024028
:10880000142F002010B50020FEF792F80D4B1B78B6
:1088100003F0FF0483B1FFF78DFF0B4BD3F8002467
:1088200012F4007208D10121C3F82C15D3F80014FA
:10883000890502D5C3F82C2500240020FEF77AF81C
:10884000204610BD0D2F00200070024010B50446D8
:10885000FFF780FE134B04F00F0064B2002CB4BF8E
:10886000D3F81015D3F814154FF0010202FA00F2F4
:10887000B5BF21EA020221EA0202C3F81025C3F8BB
:108880001425BFF36F8FBFF34F8F074A074B33EAAF
:10889000240328BF13461A5C01239340014AC2F8FF
:1088A000083310BD0070024032D20F0029D20F00F1
:1088B00038B5254A254B044640B20028B8BF1346B8
:1088C00004F00F024FF001019B5C01FA03F1204B11
:1088D000C3F80413B4BFD3F81035D3F81435D3401C
:1088E000DB072FD41A490028B4BFD1F81005D1F8FE
:1088F00014054FF0010303FA02F3B5BF034303432A
:10890000C1F81035C1F81435BFF36F8FBFF34F8F27
:10891000C2B114F0880515D12846FEF709F82046A3
:10892000FFF7F0FD2046FEF7D9FF0A4A012303FABC
:1089300000F0136823EA000313602846BDE83840BE
:10894000FDF7F8BF38BD00BF32D20F0029D20F00AB
:1089500000700240042F002010F0880F10B504466C
:1089600008D100F00F02074B92009B58012B01D158
:10897000FFF7C8FD044BC3F81845BFF36F8FBFF373
:108980004F8F10BD447402400070024028B139B1CD
:108990000023C1E900301846704748F21050704774
:1089A00048F21350704730B1036848F240508B4290
:1089B00008BF0020704748F21050704728B148F2B5
:1089C0001150914208BF0020704748F21050704784
:1089D00070B506460C461D46FFF7D8FF50B952B198
:1089E000B379AB420AD111462046FBF7E5FE08B940
:1089F000044B236070BD48F21050FBE748F2115061
:108A0000F8E700BF7052464D2DE9F04383B00D46A4
:108A100002AF04461149D7F82080284616469946E9
:108A2000FFF7C1FF98B96B68796A5A7940465200DE
:108A3000FFF7C4FF58B976B10CB9AAB002ACCDF8B3
:108A400000804B46324629462046FBF7C5FE0437D8
:108A5000BD46BDE8F08348F21050F8E77052464D2D
:108A600010B5044638B149B141600B68984708B960
:108A7000044B236010BD48F20150FBE748F2105050
:108A8000F8E700BF6E524648F0B4134648B1076895
:108A9000094EB7420AD161B12AB14368F0BC5B68A4
:108AA000184748F201531846F0BC704748F2025389
:108AB000F9E748F21053F6E76E524648F0B460B159
:108AC00007680C4EB7420CD171B143681568DC6879
:108AD000A5420CD3F0BC9B68184748F20150F0BC8B
:108AE000704748F20250FAE748F21350F7E748F2AD
:108AF0001450F4E76E5246482DE9F0410446DDE992
:108B0000065617469846FFF7ABFF60B9424639460E
:108B10002046FFF7B9FF30B9324629462046BDE866
:108B2000F041FFF7CBBFBDE8F0810000F8B50A4E79
:108B30000A4F012333700A4BDB1BDC080025AC42D3
:108B400003D1022333700020F8BD57F83530984721
:108B50000028F9D10135F2E7152F002004D60F00C7
:108B60000CD60F0001390144814200D270470378CE
:108B70000A7800F8012B01F80139F5E7013A0244BF
:108B80000139824200D2704711F8013F02F80139E1
:108B9000F7E738B514460D46FFF7F0FF22462919CE
:108BA0002044BDE83840FFF7E9BF38B50C4605461C
:108BB000FFF7D8FF21462819BDE83840FFF7D2BF9C
:108BC000BFF34F8F0549064BCA6802F4E0621343B6
:108BD000CB60BFF34F8F00BFFDE700BF00ED00E0AB
:108BE0000400FA0530B52E4D297887B0044641B906
:108BF0002C4A2D48FCF770F808B1FFF7E1FF01237C
:108C00002B70072C14D8DFE804F01535401313043B
:108C10001304FEF765F80028EFD12448FCF797F815
:108C20000028EAD14FF48040FEF754F80028E4D140
:108C300007B030BD0120FBF787FC4FF08043D3F82D
:108C40001824D2035CBF01229A60FCF715F80028B3
:108C5000D3D1174D0FCD01AC0FC42B68236042F266
:108C60006663CDE9023301A8FF238DF80530FDF7D7
:108C7000E5FFD5E741F23330FEF738F841F2333003
:108C800007B0BDE83040FEF737B8FEF729F80028F6
:108C9000B3D1064A40F266611046FCF72FF8C5E7EB
:108CA000162F0020B58C0F0004D30F0040000020C9
:108CB00008D30F0008B5024640F26661FCF71EF8C3
:108CC00008B1FFF77DFFBDE808400120FBF722BC9B
:108CD00008B5FFF775FF000008B500F05FFB4FF423
:108CE0008051002000F038F908B1FFF769FF05480E
:108CF000C0F57E2100F030F90028F6D1024800F0DE
:108D000053F8F2E700400F00E58B0F00014B012202
:108D10001A70704738330020BFF34F8F0549064B58
:108D2000CA6802F4E0621343CB60BFF34F8F00BF09
:108D3000FDE700BF00ED00E00400FA05024B034828
:108D400000221A7001F0D4BB38330020198D0F00B7
:108D5000042810B5044609D8022811D815D00D4BA7
:108D60001B68ABB12046BDE810401847831F012B9C
:108D7000F5D8094B094800221A7001F0B9FBEEE75B
:108D80000749002000F0E6F9E9E701F0F9FAE6E723
:108D900010BD00BF3C33002038330020198D0F0078
:108DA0003D8D0F0000207047544B554A70B5186038
:108DB0004FF0A0430020C3F8642701F0AFFB044646
:108DC000002840F0968000F091FA012800F08C8095
:108DD000022800F09080002840F08B804FF0804304
:108DE000D3F80024D20332D54FF48032C3F80024E4
:108DF0000026444D2B6A012B41D14FF440535A6851
:108E0000414B9A4232D001F00FFC0146002E66D051
:108E1000AA693E4801F0B8FE88B34FF0A043D3F8EA
:108E200010359B012BD54FF08043D3F81C3503F050
:108E3000F903B12B23D001F080FB002859D1344B2A
:108E40001870344801F054FB00F070F851E0D3F88A
:108E5000202502F0F902A92A06D1D3F8202502F034
:108E60005602C3F82025C3E70126C2E796B36A6B12
:108E700029484FF4805101F087FE0028C3D100F04B
:108E8000D1FA264A20211820FBF7B6FD08B1FFF7DA
:108E90001FFF4FF08043D3F81C2502F0F902B12ADE
:108EA00002BFD3F81C2502F04E02C3F81C25FFF7C1
:108EB00079FFF0B920461A4900F04CF9194800F042
:108EC000BDFFB0B900F0D4FAFBF718FE20BF40BFD9
:108ED00020BFF7E795F86032012BC8D193E795F8EA
:108EE000A132012B94D198E7094B0F481C7001F077
:108EF000FFFA032070BD4FF4A024C0E73C330020EC
:108F00000C000300643A0020DBE5B151053D002070
:108F1000383300200D8D0F00C43C0020182F002096
:108F20003D8D0F00518D0F00198D0F0008B5074BB7
:108F30004FF0FF32C3F88020C3F8802100F0D1FF4A
:108F4000BDE808404FF4805000F028B800E100E090
:108F500080F308880847000070B50546C1F30B0090
:108F6000A8B9B5F57F2F12D80B4E3268072A10D852
:108F7000130103F1804404F5F0340132C4F80058C1
:108F8000C4F804180221C4F80818326070BD072024
:108F9000FCE70420FAE700BF4033002010B5044688
:108FA0001348C0F58011FFF7D7FF08B1FFF790FE17
:108FB00001F03AFB0F4B996901F6FF716FF30B015A
:108FC00001440020FFF7C8FF08B1FFF781FEEFF36F
:108FD00005830023D4E9000183F3148883F3108808
:108FE00083F3118883F31388BDE81040FFF7B0BF07
:108FF00000400F00643A00201FB518490B7853BB9E
:109000004FF08043A024D3F81824D2035CBF012280
:109010009A60134B0022C3F80021D3F8000103909B
:109020000398C3F84021D3F8400102900298C3F896
:109030004421D3F84401019001980A4880F8244360
:10904000102444600220C3F8082501229A601A60A7
:10905000C3F804030A7004B010BD00BF44330020FD
:109060000040024000E100E037B56FF07F42154C50
:10907000057BD4F804358A4228BF0A46891A13446E
:109080004A1E942A23F07F4305F5A8729CBF963BA5
:109090009631416044F822300B4B4FF4F86043F0B6
:1090A00001039847094B03EB850300221A601B68F4
:1090B0000193019B4FF48033AB40C4F8043303B0F9
:1090C00030BD00BF0040024020D30F0040410240AD
:1090D00073B51B4BD3F8042152B11A490A68013207
:1090E0000A600022C3F80421D3F804310093009BE6
:1090F000154C164D164E2B6883B100232B602B6840
:10910000227B0193019B4FF4803393400C4AC2F8B9
:109110000833616851B12046FFF7A6FFB54204F15C
:10912000100401D102B070BD3546E4E7A16811B169
:109130002046FFF799FF2368002BEFD09847EDE713
:1091400000400240483300206800002040410240B7
:109150004441024070B50B4B1C68227B4FF48033B6
:109160009340094A05460E46C2F8083340B1FFF75E
:1091700043FF266029462046BDE87040FFF774BFD4
:1091800070BD00BF640000200040024070B5074B76
:109190001C680E46A0600546FFF72EFF2660294694
:1091A0002046BDE87040FFF75FBF00BF60000020B1
:1091B000014B01221A7070474C33002081422DE987
:1091C000F74F04460F46154604D10023184603B056
:1091D000BDE8F08F3E1B360B02F6FF7800F022F957
:1091E000082E28BF08263303DFF864B001934FEA46
:1091F0001838002DE9D046452CBFC246B2464FF084
:1092000000025146204634BFDDF80490A94600F024
:1092100045FE03460028D9D109F1030222F00302DA
:109220003946204600F02EFE03460028CED1DBF85A
:1092300030304B44CBF8303001F060F9A8EB0A082D
:10924000A5EB09054C444F4403460028D1D0BDE7A7
:10925000643A002010B501F007FA104A916C01F54C
:1092600000535C680E4B9C4212D1D2E90C329342FF
:1092700011D0D21A02F6FF72194418446FF30B0290
:10928000FFF79CFF034620B9BDE8104001F036B956
:109290000323184610BD0023FBE700BF643A0020FB
:1092A000DBE5B15138B50F4BDA6A5D6A9C6CAC2ACC
:1092B00010D15B6B1C44ED1A0B482A46214603F083
:1092C000B9F968B100F0D4F829462046BDE8384025
:1092D00000F0FCBD002CEFD101F0B6F90446EBE73D
:1092E00038BD00BF643A002000400F0070B5274C25
:1092F000E36AAA2B43D005D8012B0CD0A52B3AD07A
:10930000002070BDAC2BFBD1FFF7A4FF002834D1A7
:10931000FFF7C8FF31E0A66C656A01F085F9226BA2
:1093200003469E4206EB0201104414BFAA1A002213
:10933000FFF744FF064660B901F076F93246294648
:10934000FDF7FAFAA36A984203D10123C4E907039F
:10935000A56100250E4801F037F90E4B0E4800229A
:109360001A7001F0CBF868B975B1236A012B0CBFF4
:1093700002200120C5E7FFF76DFF0125EAE7FFF7AF
:1093800091FFE6E70320BCE70120BAE7643A00203A
:10939000883A00204C330020B1910F0010B5002412
:1093A000D4F8F83F013304D1084940F6F870FEF7CD
:1093B000C9F8D4F8FC3F013307D1BDE810404FF4A1
:1093C0007E2140F6FC70FEF7BDB810BD00400F00D6
:1093D0000A4AD2F800347BB109480023D2F80815B4
:1093E000D940C90748BF03F5C07103F1010348BF65
:1093F00042F82100072BF1D1704700BF0000014067
:109400003546526EFFF7E4BF054B002282B0C3F829
:109410000021D3F800310193019B02B0704700BFD7
:109420000000014038B50E4C2378BBB90D4BD3F882
:1094300000248AB1D3F80455FFF7CAFF40F616504E
:10944000A842B8BF28460849A0F54860FFF79EFE2D
:10945000064B4FF480321A600123237038BD00BFE1
:109460004D3300200000014005940F0000E100E0B2
:10947000034BD3F800340BB1FFF7AABF704700BF0E
:10948000000001400023C0E90232C0E900118B88CE
:109490001A440261B1F906301A4442610888003862
:1094A00018BF0120704710B543681A88014642B1C1
:1094B00003F1100242601A8A2AB9C2680168FFF7F4
:1094C000E1FF002010BD9A78188902F03004302C9A
:1094D0001BD19C7C04F03004302C1DD198880A6983
:1094E000121A0A6100209A7802F0300212B98A68D2
:1094F00001328A609A8A10440A6902440A61B3F907
:1095000016301A444A610120DCE73F2A06D8202C95
:10951000E9D15A895043E6E73F2AE4D902F0C00274
:10952000802A08BF0420DEE770B5456804460E4671
:109530002B461A88B24204D19B7803F00F03082B04
:1095400007D12046FFF7AFFF6368AB42F1D100209F
:1095500070BD0120FCE743681A44426011B1013933
:109560009A4201D10120704713F8010B01F8010F55
:10957000F6E710B5836804460BB9002010BD0368F8
:10958000012298470028F8D0A368013BA360F5E7C3
:109590002DE9F3410F460DF107018046FFF7E9FF82
:1095A000054620B90025284602B0BDE8F0819DF9A6
:1095B00007309DF80740002B11DA04F07F040726DE
:1095C0000DF107014046FFF7D4FF0028EAD09DF8CF
:1095D000072002F07F03B3401C43130601D43C6014
:1095E000E1E70736232EEBD1DCE770B542689278CD
:1095F00002F00F01082986B01FD103691C680026FC
:109600000CB906B070BD236826739D686268294650
:109610006846FFF737FF6368049304F10C03059372
:10962000AB7803F0C003802B08BF231D684608BF3A
:109630000493FFF7DAFFA468E2E73F2A28D802F094
:109640003001102911D1426900211170426800696E
:109650009378D46803F00F03072B0CD10146204602
:1096600006B0BDE8704000F01FB89206EED5436921
:1096700000221A80C5E71289214624B106B0BDE850
:10968000704003F02FB806B0BDE8704002F0FBBF99
:1096900002F0C0018029B4D103690021196093064A
:1096A00044BF43691980ACE77FB50A460146684666
:1096B000FFF7E8FE30B16846FFF797FF6846FFF70F
:1096C000F2FEF7E707B000BD30B5054685B0144699
:1096D000A9B90268114B9A4211D0102C06D8224623
:1096E00069462846FFF7F0FF05B030BD10226946F5
:1096F0002846FFF7E9FF0028F6D0103CEDE7AB68FD
:10970000A34201D20020EFE72B6822462846984763
:109710000028F7D0AB681B1BAB60E5E757950F003F
:109720002DE9F341884601A907461646FFF730FFA9
:10973000B0B1019C621C4FF0000505D298F80230D0
:1097400003F0C003802B01D1284609E0B8F80830A7
:109750009342F9D3224631463846FFF7B5FF3555D7
:1097600002B0BDE8F08173B50D4601A90646144666
:10977000FFF70EFFA8B1019AB2F5803F11D2AB7886
:1097800003F0C003802B0CD02989931C994208D385
:109790002146304621F8022B02B0BDE87040FFF7A9
:1097A00093BF002002B070BD034B8260C0E900315E
:1097B0000023C360704700BF57950F002DE9F341A8
:1097C0000025064688462F462C460DF107013046F7
:1097D000FFF7CFFEB0B19DF807C0A4F120030CF055
:1097E0007F02C4F1200102FA03F322FA01F10B43D4
:1097F000A2401CF0800F45EA020547EA030704D1A6
:10980000C8E9005702B0BDE8F0810734462CDCD12E
:109810000020F7E737B50D4669461446FFF7CEFF3F
:10982000A8B12B89013B072B24D8DFE803F01D18D2
:10983000231223232304DDE90001C4E900010346C8
:109840000A46914208BF98420CBF0120002003B095
:1098500030BDDDE90032236018460021F1E7DDE983
:109860000032238098B2F8E7DDE90032237003F07C
:10987000FF00F2E70020EAE737B50D4669461446D7
:10988000FFF79CFF30B12B89082BDDE9001203D1D3
:10989000C4E9001203B030BD022B4FEAE1700FD0D3
:1098A000042B03D0012B0FD00020F3E721600B46DF
:1098B0000246824208BF8B420CBF01200020E9E72C
:1098C0000BB22380DA17F4E74BB22370FAE7F7B54F
:1098D0000C46002119702170116001A90746154638
:1098E0001E46FFF755FE38B9BB6813B1002003B020
:1098F000F0BD01233370F9E701990029F9D0CB08B5
:1099000001F007012B602170F1E713B5044605292A
:1099100021D8DFE801F0030F1720201E012201A942
:109920002046FFF7D1FE18B19DF90430002BF5DB7E
:1099300002B010BD08220021204602B0BDE8104050
:10994000FFF7C2BE01A9FFF723FE0028F0D0019A5D
:10995000F1E70422EFE70020EAE773B50E4601A91C
:109960000446FFF715FE054618B90025284602B043
:1099700070BD94E80F0086E80F0001998A42F4D385
:10998000B160A3685B1AA360F0E700002DE9F04323
:109990005668B37813F0C00489B080468C461546EB
:1099A00003D0402C6ED0002413E003F00F02634973
:1099B00003F03003202B51F8227014D007D863B97C
:1099C0002A6931463B4609B0BDE8F0431847302BC1
:1099D00046D0204609B0BDE8F0836B6901221A70B9
:1099E0002A696968EEE7BCF1020FD5F8149028D116
:1099F000042A26D804A9FFF7B0FF04460028E8D0BF
:109A0000069B2BB16968B9F800304A899A4209D897
:109A1000059BC8F80430069B002B14BF002404F0FB
:109A20000104D6E708892A6903FB002204A8B84785
:109A300028B1B9F800300133A9F80030E0E7044656
:109A4000E6E7B9F8003072899A42ACD931892A69BF
:109A5000581CA9F8000003FB012269684046B1E7E1
:109A60006B6931881980072A0AD16B6828691A89BD
:109A7000214602F008FE6B682969D868FFF714FEDA
:109A80002A69EAE71669336823B909B0BDE8F043EB
:109A9000FFF73BBF022906F1040715D104A9FFF720
:109AA0005CFF00283FF47FAF336869683A4604A83A
:109AB0009847044600283FF476AF069B002BF3D16D
:109AC000059BC8F8043084E7012927D005292DD04B
:109AD00000297FF468AF0DF10409012401224946F1
:109AE0004046FFF7F1FD00283FF45DAF99F90030E3
:109AF000002B0DDB124B049301ABCDE905340023A1
:109B00000793336869683A4604A89847044660E7B3
:109B100001340B2C09F10109E0D144E7082201A925
:109B2000FFF7D2FD08240028E4D13CE704220DEB26
:109B30000201FFF7C9FD0424F5E700BF28D30F0099
:109B400057950F002DE9F04790B00446002604A871
:109B5000CDE90266FFF796FCA3683BBBDDE905345F
:109B600004A89D78FFF79FFC0028F7D115F0300F6F
:109B700003D1059B1B8803B10134002C00F0B58094
:109B8000630902A90022934240F0A88010AA02EBC8
:109B9000830304F01F0453F8383CC4F120044FF051
:109BA000FF30E040C31A584258410DE00DF1030365
:109BB00001AA0DF102012046FFF789FE38B99DF890
:109BC0000330002BCAD1002010B0BDE8F087019F00
:109BD00004A83946FFF7A8FC002858D1B7424DD356
:109BE000059D2B469B7803F00F03082B7FD004A81C
:109BF000FFF759FC059B9D42F4D14FF0FF36B74269
:109C00003CD3089B9DF80290D4F808801D68A36897
:109C1000002D30D098459FD12B68D3F800A0BAF121
:109C2000000F08D04B463A4629462046D047002828
:109C3000C9D0AD68EBE7D3F808A0BAF800309F426E
:109C4000F7D16A6851460AA8FFF71CFC6B680E93AF
:109C500005F10C030F939AF8023003F0C003802B38
:109C600004BF2B1D0E9301232B730AAA49462046DD
:109C7000FFF78CFEDBE798457FF46EAF9DF802108E
:109C80002046FFF742FE00287FF466AF9BE7059B66
:109C90009B7803F030037BB9069A3F2A0CD8510910
:109CA00010AB03EB810102F01F020123934051F836
:109CB000382C134341F8383CD4F80C809DF80250FE
:109CC000B8F1000F04D004AB2A4639462046C047FD
:109CD00004AA29462046FFF759FED4E70868013058
:109CE0007FF471AF043101324DE701206CE7059B31
:109CF0001E8884E770B50C46064615461146204678
:109D0000FFF7D2FC2A4621463046BDE87040FFF7F7
:109D100019BFF0B585B0CE680D46694604461746B2
:109D2000FFF71BFE68B1E86858B1AB7803F0300369
:109D3000202B3A463146684605D1FFF7DBFF019BF1
:109D4000636005B0F0BDFFF7FDFEF8E713B50C4604
:109D50006946FFF733FD60B1DDE900134A0842EAC6
:109D6000C372C9074FEA530344BFD243DB43C4E97C
:109D7000002302B010BD37B50D4669461446FFF703
:109D8000E5FFA8B12B89013B072B24D8DFE803F0BE
:109D90001E18231223232304DDE90030C4E9003018
:109DA00019460246824208BF99420CBF012000209A
:109DB00003B030BDDDE9001221600B46C817F1E7A2
:109DC000DDE900120BB22380D817EBE7DDE90012C2
:109DD0004BB22370F8E70020EAE713B504220C46E3
:109DE0000DEB0201FFF770FC08B1019B236002B08C
:109DF00010BD1146FFF7F1BF13B508220C466946A6
:109E0000FFF762FC18B1DDE90023C4E9002302B0CA
:109E100010BD1146FFF7F0BF831F012B10B504469C
:109E200002D8002000F0B8FB034B1B681BB1204692
:109E3000BDE81040184710BD5033002008B5074B4F
:109E400018600020FFF7E8FF054800F08DFB20B9FF
:109E5000BDE80840024800F049BA08BD5033002070
:109E6000199E0F0043690BB1C06818477047000086
:109E7000024903480022FDF712B900BFFCD10F00D0
:109E8000E800002007B5009313460A460146024841
:109E9000FDF710F903B000BDE800002013460A46A4
:109EA00001460148FDF734B9E8000020014B187065
:109EB0000B20704754330020024B002218781A7090
:109EC000704700BF5433002018DF70471FB50023D0
:109ED000CDE90030890868460291FFF7F5FF05B02B
:109EE00000BD1FB506234FF480546846CDE9003409
:109EF000FFF7EAFF072802BF4FF0005300201C6065
:109F000004B010BD014B06201B68184758330020D1
:109F10000A2803D90B38C0B2FFF7C8BF704700004A
:109F200010B5044686B00020FDF714F9014638B19B
:109F3000174A1821204606B0BDE81040FAF780BD48
:109F40001822684602F09FFB0423124A8DF8003065
:109F5000114B116D1B68994212D1104B186800F01B
:109F6000A5FF8DF80100FFF7D3FFD4E901138DF8A9
:109F70000100684698470A4800F0C0FA06B010BDD4
:109F800001238DF801306846D4E901139847F5E7BD
:109F9000219F0F00643A00205C33002060330020D2
:109FA000059F0F00F0B5044687B0162200210DF181
:109FB000020002F068FB23788DF8003001228DF852
:109FC00001200C2B00F28281DFE813F00D007500F8
:109FD0000F0075007500800175006C0075006A0047
:109FE0001C002F0070008DF80420D4E9011368468E
:109FF00098479DF80130012B00F05D819D4B0520B5
:10A000001B6857E14FF08053D3F800210192D3F839
:10A0100004210292D3F80C2192020492D3F8102169
:10A02000920203921B690593DFE74FF44051924D72
:10A030004E6892482A6A86420CBF02230123012AF5
:10A0400008BF0133227C52B902238DF80430EB683B
:10A0500002938B4B0393C3F57E230493C5E7012A38
:10A060000ED186420CD10B78142B8CBF4B69002388
:10A0700002934FF4805303934FF440539B68ECE7F3
:10A080009A4209D201238DF80430AB68029300F0A4
:10A09000E9FAAB690390E0E7FF238DF80430A4E709
:10A0A000237CFAE7238AADF804309EE7714B072042
:10A0B0001B68984799E7062B724A01D0012B01D102
:10A0C000216911701178012904D0022956D000238A
:10A0D00013709CE0013B072B87D801A252F823F0B4
:10A0E00001A10F00EB9F0F0071A10F0041A10F0014
:10A0F000EB9F0F006BA10F00EB9F0F0019A10F004A
:10A100005C4B03201B689847606900F077FCFFF701
:10A11000FFFE8DF8010068E7A18A206900F086FC47
:10A12000FFF7F6FE544B8DF80100DA6B1B6C0293BF
:10A13000E3680192002B3FF458AF2069984754E739
:10A140005149524800F0C4FCFFF7E2FE01288DF8A7
:10A1500001007FF44AAF002000F0D0F900283FF45E
:10A1600044AF0A238DF801303FE74FF400730393A7
:10A17000414BDA6B1B6C0192029336E7013B072BD4
:10A180003FF633AF01A252F823F000BFADA10F009C
:10A19000EB9F0F006BA20F0091A20F00EB9F0F002F
:10A1A000BBA20F00EB9F0F0013A20F0000F05EFC9C
:10A1B00008B90823D6E762690AB90323D2E7C2F3D4
:10A1C0000B0333B12C4B30495B6D096813448B4250
:10A1D000F3D1B2F5805F01D90423C3E7264B2A49A6
:10A1E000586D096815188D42E3D85A64DA6C9A6480
:10A1F00018651863254B61691B6801F6FF71002221
:10A20000090B1844FFF74AFE00283FF4EEAE052381
:10A21000A8E700F02BFC0028CBD0174DA18AD5E988
:10A2200014329B1A6A6C0B449342C6D8174B2E6BA0
:10A230001B68206905F148021E44FCF77DFBE368BA
:10A24000A28A216907463046FFF71CFE08B1E36881
:10A2500073E7A28A2B6B029713442B63A38A2A6DA0
:10A26000AF6413442B650193BFE6034B9A6C0292D3
:10A270001B6DF8E758330020643A0020DBE5B1514C
:10A2800000400F00880000205C3300206033002075
:10A290000F4BD3E91402596C821A8A4289D19A6C05
:10A2A0005865002120465964DA64FFF739FE094BEE
:10A2B0001B680420984707B0F0BD054B9A6C1B6DD6
:10A2C00001934FF48053029203938EE6022349E7F1
:10A2D000643A00205833002083681BB1024A1821D9
:10A2E000FAF7AEBB07207047A59F0F0038B50546AB
:10A2F000C0B10020FFF7BCFD044648B900F070FB78
:10A3000000F0B4FB30B9084B00201D60FFF7CEFD14
:10A31000204638BD0549064800F0DAFB0128F2D096
:10A320000324F5E70724F3E7583300205C330020CB
:10A3300060330020F8B514464FF4607205460F46AE
:10A340001E4602F077F918B904B1A047002006E0D4
:10A35000002201212846FFF7A1FD08B10320F8BD26
:10A360004FF460723946304602F0BCF923464FF490
:10A37000607231462846FFF785FD0028E6D0EDE7FC
:10A380002DE9F0413B4C236801335AD0002258217B
:10A39000201DFCF7D1FA27683A1A57425741DFF8D7
:10A3A000F080354DD8F80060336801335ED000226C
:10A3B0005821301DFCF7C0FA3368834243D17468DA
:10A3C000012C0AD00022C32106F51870FCF7B4FA5C
:10A3D000D6F85C42231A5C425C41B7B32549264853
:10A3E0004FF4607202F07EF974B1D8F8001023487F
:10A3F0005422043102F076F9D8F80010204840F2D7
:10A40000C7225C3102F06EF96C68012C2CD11D4919
:10A41000402201F2C71002F065F91B491C2201F22B
:10A42000C71002F05FF9194985F8A1420023042200
:10A4300001F2862085F8603285F8E23202F052F9A6
:10A4400010E00027ABE70024C7E72CB1D8F80010D4
:10A4500009484FF46072D5E707484FF46072002155
:10A4600002F011F902236B60BDE8F081002FF3D0F8
:10A470000024B3E700F00F00643A0020683A00209F
:10A48000C03A0020C03B0020003C0020803A002061
:10A490008C00002010B50022044658210B48FCF720
:10A4A0004BFA0A4B002243F8040CC32103F5177042
:10A4B000FCF742FA064B0649C3F85C022246054BFC
:10A4C0000548BDE81040FFF735BF00BF683A0020DF
:10A4D000643A0020E436002000F00F0002460248F3
:10A4E000024B0068FFF726BF8C0000206433002079
:10A4F0000149FFF7F3BF00BF00F00F0038B5054674
:10A500000020FFF7C7FF044618B903492846FFF7A4
:10A51000E5FF204638BD00BF643A002010B5FFF7C4
:10A52000A7FC044608B1032010BDFFF729FF204611
:10A53000FFF7E4FF0028F7D0F5E7002070470000A0
:10A5400010B5084C07484FF40072FF2102F09BF849
:10A5500020220021A4F1240002F095F8002344F801
:10A560002C3C10BDC03A0020F8B5094E094B0746F7
:10A570009D1B0024B4EBD50F01D10020F8BD56F887
:10A580003430384698470028F8D10134F2E700BF4C
:10A590000CD60F0014D60F00F8B5094A094D07462E
:10A5A000561B00240435B4EBD60F01D10020F8BDB2
:10A5B00055F83430384698470028F8D10134F2E78E
:10A5C00014D60F000CD60F0008B50C22002102F0A3
:10A5D0005AF8024B00221A6308BD00BF643A0020FB
:10A5E00008B54FF440535A680C4B9A4214D10C49A9
:10A5F0000023042243F20400FFF744FC60B9094A37
:10A60000136A4FF44051012B08BF106293698968A7
:10A610000B44A3F58053936108BD00BFDBE5B15146
:10A6200000D50F00643A00204FF44053054A5968A2
:10A63000914203BF986800F6FF706FF30B004FF470
:10A6400080507047DBE5B15108B5FFF7EDFF044BD3
:10A650009B69184400F6FF706FF30B0008BD00BF44
:10A66000643A0020FFF7E0BF4FF4805070470000CD
:10A670002DE9F843244F0446884615461E464FF000
:10A680000009B9F1010F1CD0B9F1020F26D0FFF774
:10A69000DBFFA5B11D4B1B6A5A1E53425341381AAA
:10A6A000A04202D3B8F1000F1ED0DBB909F10109B5
:10A6B000B9F1030FE5D1A0421AD2042021E02B46C4
:10A6C000EDE7FFF7B1FF3EB94FF44053104A5B6826
:10A6D0009B1A18BF0123E2E73346E0E701234FF45A
:10A6E0008050DCE7A042E8D35FFA89F3022B05D162
:10A6F000FFF776FF0748FFF767FF01E0002BF9D16E
:10A700000020BDE8F88300BF00100F00643A00206D
:10A71000DBE5B1517C3A002090F8552012F0FB0F98
:10A7200007D190F86430DBB1836ECBB10B600120B0
:10A73000704712F0010303D090F8563003B1836DD7
:10A740009207F2D590F85C20002AEED0054A006E00
:10A75000C2F57E22904201D80344E6E70420704708
:10A760000F20704700400F002DE9F0432E492F4D78
:10A770008A6B2F4C2F4EDFF8D080DFF8D09085B059
:10A780005C316846FFF710F89DE80F0085E80F0080
:10A790000021294B31704FF447722046C8F8001051
:10A7A000C9F80010EB6001F06EFF244922462846EC
:10A7B000FFF7A0FA20B90026304605B0BDE8F083C7
:10A7C0003678002EF7D094F86C31277813B3002F29
:10A7D000F1D194F87231002BEDD0D9F80020D8F8DF
:10A7E00000106846FEF7E0FF9DE80F0085E80F00C7
:10A7F0004FF4B272394604F5BA7001F044FF1049C3
:10A8000004F5BA722846FFF775FA0028D3D004F58C
:10A81000BA7405E0002FCED0A379002BCBD008343A
:10A82000084B1C60C8E700BF643A0020B43E00201B
:10A83000CC3E0020E43D002051A80F004CD30F0077
:10A84000ECD30F00B03E0020C83E0020C43E0020E4
:10A8500030B55B68DA680D4B9A4208D10C4C23681E
:10A8600013B90C490B681BB10B4B00221A7030BD99
:10A87000D0E901301A4612F9015B002DFBDB0344DD
:10A880009B1A22600B600122034BEFE7ECD30F0011
:10A89000C83E0020C43E0020E43D002000B591B039
:10A8A000FEF744F9684607492022FEF772F96A4626
:10A8B000054906484023FEF78BF8054B01221A7024
:10A8C00011B000BDC4D20F00683E002088D00F0038
:10A8D000E53D00202DE9F041CCB003AC07468846A9
:10A8E00016461D467C222023002104A8236001F087
:10A8F000CAFE00238DF88C30194B1B780BB9FFF77B
:10A90000CDFFB8F1000F25D037BB164F529B16492B
:10A91000019400972A4604A8FEF7EEF8F0B9402EFD
:10A920001CD1124D32464146284601F0DBFE202163
:10A930002846FEF73AF9CDE900560D4923683A4614
:10A9400023A8FEF761F8002814BF052001204CB0B1
:10A95000BDE8F0811320FAE71620F8E70A20F6E7B1
:10A96000E53D0020063E002094D00F00263E00204A
:10A97000683E0020F0B5ABB004460E4617461D46B3
:10A980007C22202300210BA8029301F07CFE114BB6
:10A990001B780BB9FFF782FF2DB12146202203A8B7
:10A9A000FEF7ECF803AC02AB0B4D01930B4900959D
:10A9B0003B4632460BA8FEF79FF848B920222146B5
:10A9C000284601F037FEB0FA80F040092BB0F0BD08
:10A9D0000020FBE7E53D0020E63D002094D00F007D
:10A9E00008B5044B986B08B1FFF7BEFE024B187018
:10A9F00008BD00BF643A0020E841002010B50446BD
:10AA000058B1B0F5007F0AD8064B00221A70FFF744
:10AA100097FD054B01209C6310BD0320FCE704203B
:10AA2000FAE700BFE8410020643A002070B50E4C00
:10AA30000646E06BA36B42189A420D4611D85C3073
:10AA40000A462044314601F04DFEE36B04F140021A
:10AA50002B4429463046E363FBF76EFF2064012058
:10AA600070BD0320FCE700BF643A0020014B18785A
:10AA7000704700BFE841002013B5124C94F86C21D8
:10AA80008AB194F8D802B4F8DA2204F5377104F5E3
:10AA9000B87494F85930012B09D8201D02B0BDE8D4
:10AAA000104000F007BA114610460434F1E7064B97
:10AAB0001B680093054B1B68FFF70CFF0128ECD0C7
:10AAC00002B010BDCC3E0020C43E0020C83E002095
:10AAD0002DE9F843274BD3E90E329A4280460F46C0
:10AAE00043D1DFF8989099F8005055B1FFF7ACFDCD
:10AAF000214BC8F8000039461868BDE8F843FFF755
:10AB00000BBEFFF731FE90B3FFF7B6FF0128C8F880
:10AB1000005004463D6025D1174B1E68394630462B
:10AB2000FFF7FAFD012804461CD196F85510338A28
:10AB3000386801298CBF002101211BB17569003DD6
:10AB400018BF01252B460022FFF792FD48B9FFF7F9
:10AB50007BFD0123C8F8000089F800302046BDE8DD
:10AB6000F8830424FFF7ECFCF8E70824F6E7052453
:10AB7000F4E700BF643A0020B03E0020E841002026
:10AB800001237230FFF7F6BE37B503780D46114644
:10AB9000032B23D8DFE803F002051019012003B0CE
:10ABA00030BDD0F8014000222846FBF7C5FE8442A4
:10ABB00014BF00200120F2E70A4600232946013095
:10ABC00003B0BDE83040FFF7D5BE00912B46411CD5
:10ABD00040220020FFF77EFE0128E9E70020DEE7A3
:10ABE0002DE9F043A3B005460E46144600217C2211
:10ABF0001F4603A820239DF8AC900293DDF8A8809F
:10AC000001F041FD41220021284601F03CFDB6F84B
:10AC10009430A34282BF442303FB046393F89690CD
:10AC200085F80090B9F1030F1CD8DFE809F009029C
:10AC30000F1F002241463846FBF77EFEC5F8010093
:10AC4000424639462846FFF79FFF0CE002AB0193CE
:10AC50006B1C00930C4943463A4603A8FDF74CFF92
:10AC60000028EDD0002023B0BDE8F08361424423EA
:10AC700003FB046301F044019A31B3F89820314496
:10AC8000681C01F02FFDDBE794D00F002DE9F047A1
:10AC90007D4B1C68A4B00546884617460A46014607
:10ACA0002046FFF76DFF002800F0EB8094F8556018
:10ACB00066BB4FF00109CDE900892B46324621469B
:10ACC00013A8FFF78DFFE8B1002F00F0D6806F4F7B
:10ACD0006F48412213A901F005FDC7F82C903E6290
:10ACE000238A0BB163690BB9FFF77AFC6368BB6019
:10ACF000002241462846FBF71FFE644B0124C3E9AE
:10AD00000980B5E00524002F5DD0AEE0412200218E
:10AD100002A801F0B8FC06F0010A4122002113A8A4
:10AD2000D14601F0B0FCBAF1000F52D005F5005C3D
:10AD3000584BDCF8040098422AD1A26D02F5FF536B
:10AD400002F6FF71C1F30B011F335B1ADCF8081028
:10AD500099421DD34FF44053596881420ED119785E
:10AD6000102988BF196905F5005398BF002118788C
:10AD700010288CBF1B690023994209D10123CDE91A
:10AD8000002321462B46002202A8FFF729FF38B9ED
:10AD9000C7B1FFF769FCA84266D1FFF721FC63E069
:10ADA000A26DAB18A8EB020216F0020614D0002127
:10ADB000CDE9002113A852462146FFF711FF58B9EB
:10ADC000002F4ED10524FFF7BBFB204624B0BDE881
:10ADD000F08742462B46E7E7002F4ED02B4FB9F1C4
:10ADE000000F3BD04FF44052DFF8A8C0516805F582
:10ADF00000536145586805D0604518D12648FFF7D3
:10AE0000E3FB14E0884212D11178142982BF526901
:10AE10002249B2FBF1F2197898BF0022142983BFAE
:10AE20005B691E49B3FBF1F300239A42E6D11C484B
:10AE3000412202A901F056FC002E0CBFA523AC2331
:10AE4000FB62A36D7B63002E3FF452AF1548412295
:10AE500013A901F047FC6368FB6049E7AA23FB6282
:10AE6000F1E7B9F1000F94D105240F48FFF7ACFBCF
:10AE7000FFF766FB054B9D64A7E7044B01245C616B
:10AE8000A3E717243FE700BFB03E0020643A00204C
:10AE9000053D0020DBE5B1517C3A002040420F0027
:10AEA000C43C0020463D0020883A00200122FFF7E4
:10AEB000EDBE0000F0B590F85430002B40D090F873
:10AEC0005520032A3CD890F86E30032B36D1037AF4
:10AED000002B35D0C368342B34D14FF440551B4977
:10AEE0006C68038A8C421ED143B1416979B1DBB2EF
:10AEF00000F110040021CEB2B34201D8122011E0BB
:10AF0000AE8954F8047FB74201F10101F3D103780F
:10AF10007BB1012A18D90E4B4068DB68984294BF78
:10AF200010200120F0BD002BF1D04369002BE5D1AA
:10AF3000EDE7022A34BF01200F20F3E71420F1E7E8
:10AF40000F20EFE71120EDE70120EBE7DBE5B15142
:10AF5000643A0020030A08704B70030C000E8B70DB
:10AF6000C870704770B50378082B02460D460BD1A8
:10AF70004B88013B9BB24B800988002975D0002B80
:10AF800073D10323698003702C69602323701378C5
:10AF900063705378A370012B5CD113780B2B62D8AC
:10AFA000DFE803F05461613561613F4E615406236F
:10AFB0005068E11CFFF7CEFF9068E11DFFF7CAFF64
:10AFC000D06804F10B01FFF7C5FF106904F10F0110
:10AFD000FFF7C0FF04F113015069FFF7BBFF172112
:10AFE0006B682046BDE8704018471379E37090689D
:10AFF000211DFFF7AFFFD06804F10801FFF7AAFF9A
:10B0000004F10C011069FFF7A5FF1021E8E7506873
:10B01000E11CFFF79FFFE11D9068FFF79BFF0B21ED
:10B02000DEE7D068E11CFFF795FF5068E11DFFF7F0
:10B0300091FF04F10B019068FFF78CFF0F21CFE720
:10B040009388E3701B0A23710521C9E71379E37024
:10B050000421C5E70B2B06D1FEF72EFFE070002080
:10B06000FEF724FFF4E70321BAE770BDF0B50E4602
:10B0700087B004460D46174600211822684601F0A5
:10B0800002FB16F8013B1D4A8DF80030013B01948C
:10B0900002920A2B0BD8DFE803F011060A0A0A0E07
:10B0A000291E2D0A2D00B5F8013023806380A36886
:10B0B0003046984715E06B780493F8E7238863805F
:10B0C0006B78D5F802200493012B0592EFD16069CB
:10B0D000FFF762FAEBE7A3680496013FADF814703E
:10B0E00003936846FFF7F8F807B0F0BDE368ADF8E2
:10B0F0001030DCE76B788DF81030D8E765AF0F00C3
:10B1000030B10268034B04489A4208BF00207047E0
:10B1100002487047DD55AABB8208F0007108F000B4
:10B1200038B50D460446B0B1A0220021043000F02D
:10B1300049FD95B10822294604F1640000F048FD5C
:10B14000082205F1200104F1840000F041FD044BC8
:10B150002360002038BD0348FCE70348FAE700BF3E
:10B16000DD55AABB7108F0008308F0002DE9F74314
:10B1700005460E461F461146FFF7C2FF044600284B
:10B1800040F08280002E00F08380002900F0828051
:10B19000202F40F0818005F14404082205F10409C4
:10B1A000204600F015FD05F12408082231464846E6
:10B1B00000F00EFD06F120010822404600F008FDD7
:10B1C00001A94FF48070019700F0A0FA002865D122
:10B1D000334A4FF48073136001219360314A08238E
:10B1E00000F04AFB012108462F4A052300F044FBEA
:10B1F00008234A4601211C2000F03EFB082342465A
:10B200000121032000F038FB2246082301210220FF
:10B2100000F032FB254A082301211A2000F02CFB04
:10B22000234A052301211B2000F026FB214A082385
:10B230000121142000F020FB1F4A082301211520C2
:10B2400000F01AFB082305F164020121162000F02A
:10B2500013FB082305F184020121172000F00CFBE9
:10B260000823164A01210B2000F006FB00F062FBC8
:10B270000446019800F0EEFA114B002C18BF1C4652
:10B28000A421284600F0A0FC204603B0BDE8F083CE
:10B290000C4CF9E70C4CF7E70C4CF5E7084CEFE7E2
:10B2A00090B0025044D50F00BCD50F0004D50F005C
:10B2B000A8D50F0068D50F0088D50F0024D50F0042
:10B2C0008408F0007608F0008008F0008108F000A3
:10B2D00037B50193069B009304461546FFF720FF00
:10B2E00040B9DDE900322946204603B0BDE83040D0
:10B2F000FFF73CBF03B030BD0C4BC2691A608269D6
:10B3000043F8042C426943F8082C026943F80C2CDA
:10B31000C26843F8102C826843F8142C426843F842
:10B32000182C026843F81C2C704700BF5CB6025012
:10B330000C4B1B68C3610C4B1B6883610B4B1B6878
:10B3400043610B4B1B6803610A4B1B68C3600A4BCC
:10B350001B688360094B1B684360094B1B680360D3
:10B36000704700BF5CB6025058B6025054B6025047
:10B3700050B602504CB6025048B6025044B6025085
:10B3800040B6025030B10268034B04489A4208BFED
:10B390000020704702487047DD55AABB0202F0004A
:10B3A0000002F00013B5044670B104307021019022
:10B3B00000F00AFC01980549202200F001FC044B32
:10B3C0002360002002B010BD0248FBE7E0D50F006B
:10B3D000DD55AABB0002F0002DE9FF47254B0446CE
:10B3E0000F4615460FCBE84688E80F0025B9002622
:10B3F000304604B0BDE8F0872046FFF7C3FF06469D
:10B400000028F5D1666A231D01938EBB206FC0B161
:10B41000C0F14009A94528BFA94604F1300A4A46AF
:10B420003946504400F0CCFB226F4A44402A4F4436
:10B430002267A5EB090504D15146404600F0D6FB32
:10B44000266705F03F0935F03F0505D039462A4605
:10B45000404600F0CBFB2F44B9F1000FC7D04A465D
:10B46000394604F1300000F0ABFBC4F87090BFE740
:10B47000014EBDE7D0D50F000C02F0002DE9FF41D1
:10B48000144B04460D460FCBE84688E80F002046D3
:10B49000FFF778FF0746B0B9CDB1636A261D019664
:10B4A0003BB90123226F636204F13001404600F092
:10B4B0009DFB3346043D243453F8042B12BAA342B7
:10B4C00045F8042FF8D1384604B0BDE8F081024FAA
:10B4D000F9E700BFD0D50F000502F000084B1B684C
:10B4E0001B0EF02B08D1074B1A68074B9A4205D167
:10B4F000064B0020186070470520704706207047F3
:10B5000028B9025024BA02500000E0200CBA0250C0
:10B51000002230B549001346023840F6FC7594000D
:10B5200004F1A04404F52C34904202F10102CABF98
:10B53000236025605B181E2AF1D1044A13600B4476
:10B540005360034B034A1A6030BD00BF78B002500D
:10B5500084B0025020F80F0030B51F4B85B01A465A
:10B56000196800910099CC07FAD500F1A05000F5B8
:10B570002C408000016813680193019BD807FAD51D
:10B58000164B174C1B68174D13F11F0048BF03F1F2
:10B590003E0040110138002810DA0023013040013C
:10B5A00053B1A0F120014FF00042134204D1013801
:10B5B00088424FEA5202F8D105B030BD13680393B8
:10B5C000039BDB07FAD5431823602B680293029B89
:10B5D000002BE3D10138DEE7B4B00250ACB002502A
:10B5E000E4B00250DCB00250F0B51D6885B001F047
:10B5F0001F040DB91F2C25D1154D2E462F6801971C
:10B60000019FFF07FAD500F1A05000F52C40800003
:10B61000006835680395039DED07FAD50D4D00EBE5
:10B62000611028600C48006802901F2C18BFC943A5
:10B6300002980FBF106001F01F0100FA01F11160C4
:10B640000021196010684300C00F136005B0F0BD01
:10B65000B4B00250E4B00250DCB002500C4B1860A1
:10B660003F3020F03F008901403058609960D96038
:10B670001961596199610748D9611C3382B0026828
:10B680000192019AD207FAD5196002B0704700BF43
:10B6900090B00250B4B0025038B5A0F12003B3F519
:10B6A000426F05462CD88F2826D800F1470300F1B9
:10B6B0006604DB064FEA541400D0013464013F34C1
:10B6C000A409013411B18C421AD80C46E3004FF49E
:10B6D0008050B0FBF3F0202828BF202002B110607A
:10B6E000084B01221A602146FFF712FF2846214627
:10B6F000FFF7B4FF002038BD00F11F046409DDE747
:10B700000148F8E71CB802502221F0000A46002147
:10B71000FFF7C2BF2DE9F041484B88B01C461D68B9
:10B720000195019DEF07FAD5454BDFF820E1454F24
:10B7300013449B000A181B681E2A88BFC0F11E0113
:10B740001F330A185B095A43B2F5806F88BF4FF464
:10B7500080614FF0000203F1010588BFB1FBF3F1F6
:10B76000944688BF091A25F001058000914233DC18
:10B7700022680492049AD207FAD5334A12682168E3
:10B7800005910599CF07FAD530482E49026000226D
:10B7900015469A4246D15A1C2A4D194622F00102FA
:10B7A00000268A4241D8216806910699CE07FAD52B
:10B7B0002749096825680795079DED07FAD50160B7
:10B7C000002120480C46994232D11E4900209A425D
:10B7D00031D808B0BDE8F08126680296029EF607CF
:10B7E000FAD500F1A04606F52C363668D4F800806C
:10B7F000CDF80C80DDF80C8018F0010FF6D0CEF8F3
:10B80000006000269E4205D11E46B54206D8013290
:10B810000430ABE7C7F800C00136F3E7C7F800C053
:10B820000136F2E70D600132B3E72E600131B8E76F
:10B8300004600131C7E708600133C8E7B4B00250C3
:10B8400024AC0014D8B002507CB00250D4B00250E6
:10B8500078B0025008B540B1202801464FF00702E9
:10B8600028BF20210020FFF755FF024B00221A605D
:10B8700008BD00BF1CB80250F0B52A4D85B02C465B
:10B880002E680096009EF707FAD500F1A05000F54B
:10B890002C4080000568206801900198C607FAD501
:10B8A000214E2248356002EB8307BA422BD15A1C45
:10B8B0001E4822F0010200279A4229D823680293E9
:10B8C000029BD807FAD51A4B0B449B0018681F300F
:10B8D000B2EB501F4FEA501313D221680391039922
:10B8E000C907FAD5154400219B1A104A356008464D
:10B8F0008B4210D85A1C0D4922F0010200209A42B6
:10B900000CD805B0F0BD52F804CBC0F800C0CCE7AD
:10B9100007600133D0E710600131E9E708600133C7
:10B92000EDE700BFB4B00250D4B00250D8B002501E
:10B9300024AC00142DE9F041834B1D689868203336
:10B94000A0B01E461A680192019AD207FAD57F4C20
:10B950007F4B236033680293029BDF07FAD57D4B50
:10B9600023607D4B1F461A680392039AD107FAD5CC
:10B970007A4B1968C1F3402132680492049AD207C5
:10B98000FAD5774A22603A680592059AD207FAD525
:10B990001A68C2F34022002900F0D180002A00F08A
:10B9A000CE8032680692069AD107FAD56D4A226097
:10B9B0003A680792079AD207FAD51A68C2F340226A
:10B9C000316808910899C907FAD567492160396833
:10B9D00009910999C907FAD51B68C3F34023002AC6
:10B9E00000F0AF80002B00F0AC8033680A930A9B14
:10B9F000DA07FAD5564B236033680B930B9BDB07B2
:10BA0000FAD55A4A226033680C930C9BDF07FAD5AB
:10BA1000574B236033680D930D9BD907FAD5554BCF
:10BA2000236033680E930E9BDB07FAD5524B2360DD
:10BA300033680F930F9BDF07FAD5504B2360504BB1
:10BA40001E46196810911099C907FAD53F4C4D4B05
:10BA5000236033681193119BDB07FAD54A4B2360AF
:10BA600033681293129BDF07FAD5484B23603A4B99
:10BA70009846196813911399C907FAD5324F38605F
:10BA800033681493149BDB07FAD52260336815934F
:10BA9000159BD807FAD53E4B236033681693169B47
:10BAA000D907FAD53B4B236033681793179BDA0706
:10BAB000FAD5394B236033681893189BDB07FAD506
:10BAC000364B236033681993199BD807FAD5344B4A
:10BAD000236033681A931A9BD907FAD5314B236038
:10BAE00033681B931B9BDA07FAD52F4B236000F0BA
:10BAF00033FC08BBD8F800301C931C9BDB07F9D53E
:10BB00003D6033681D931D9BD907FAD5274B2360F1
:10BB100033681E931E9BDA07FAD5254B2360D8F8AD
:10BB200000301F931F9BDB07F9D50C4B1B6813F4E8
:10BB3000805F204B08BF184620B0BDE8F0811E484A
:10BB4000FAE71E48F8E700BF90B0025080B00250FC
:10BB500000100251C01F7229B4B0025088B00250C8
:10BB6000C0CF0129C01F0E29C03F00294001024952
:10BB7000003184A800001649400108A180440888CB
:10BB8000B0B00250C044708880077A41C0077E413F
:10BB900000006A498006164940006E4900020021F3
:10BBA00000822021408220218082242140A161A1A5
:10BBB00000C861510308F1000108F1000208F1001A
:10BBC00000F090BD00F05FBD0A46002100F05BBDB3
:10BBD00001EB820204388A4201D10020704752F8FA
:10BBE000043D1BBA40F8043FF5E700002DE9F74F8C
:10BBF000314B4468054691469A461A68002AFCD1A2
:10BC00002E4B9B461A68002AFCD14FF0FF30019161
:10BC100000F094FC802000F097FC294E294ADFF8C0
:10BC2000B880294F012307203360A2F59E72C2F825
:10BC30003C011360636AC8F80030A36A3B602B685C
:10BC400042F8043CAB68204698470199DAF8003086
:10BC5000002BFBD1B9F1000F20D11C4B04221A603C
:10BC6000DAF80030002BFBD1DBF80090B9F1000FBF
:10BC7000FAD1EB6820469847D8F8003063623B68F9
:10BC8000A362134BC3F80090C3F84491DAF8003074
:10BC9000002BFBD1336003B0BDE8F08F236A012B8A
:10BCA00004BF0B4A13600B4B40201960C3F804908B
:10BCB00000F050FCD4E700BF10B9025020BC025085
:10BCC00018B8025000B90250D0B70250C8B702509D
:10BCD00084B6025028BC0250CCB7025010B5544B69
:10BCE00098B019461A680192019AD207FAD5514BB9
:10BCF000514A1A600A680292029AD407FAD54F4A4A
:10BD00001A600A680392039AD007FAD54C48186063
:10BD10000A680492049AD207FAD54A4A1A600A6855
:10BD20000592059AD407FAD5474A1A600A6806921E
:10BD3000069AD207FAD5454A1A600A680792079A06
:10BD4000D407FAD5424A1A600A680892089AD207BC
:10BD5000FAD5404A1A600A680992099AD407FAD5B6
:10BD60003D4A1A600A680A920A9AD207FAD53B4AF3
:10BD70001A600A680B920B9AD407FAD5384A1A60EF
:10BD80000A680C920C9AD207FAD5364A1A600A68E9
:10BD90000D920D9AD407FAD5334A1A600A680E92AA
:10BDA0000E9AD207FAD5314A1A600A680F920F9A92
:10BDB000D407FAD52E4A1A600A681092109AD20750
:10BDC000FAD52C4A1A601A4B19461C681194119C1A
:10BDD000E407FAD5174B1860086812901298C40748
:10BDE000FAD51A600A681392139AD007FAD5124A44
:10BDF0001A600A681492149AD207FAD51E4A1A6079
:10BE00000A681592159AD407FAD51C4A1A600A686E
:10BE10001692169AD007FAD5194A1A600A6817922C
:10BE2000179AD207FAD5174A1A6018B010BD00BF8A
:10BE3000B0B0025080B002500093652100043190F0
:10BE4000409665900083612100C3302100C3649057
:10BE500000816190004610210081112100414421A0
:10BE600000C320290C4610C80086312100C3602180
:10BE700040C128294096652100133190409625291C
:10BE8000594614C84004324910B5494B94B019467C
:10BE90001A680092009AD207FAD5464B464A1A60B1
:10BEA0000A680192019AD407FAD5444A1A600A68CE
:10BEB0000292029AD007FAD5414818600A680392A4
:10BEC000039AD207FAD53F4A1A600A680492049A84
:10BED000D407FAD53C4A1A600A680592059AD20737
:10BEE000FAD53A4A1A600A680692069AD407FAD531
:10BEF000374A1A600A680792079AD207FAD5354A74
:10BF00001A600A680892089AD407FAD5324A1A6069
:10BF10000A680992099AD207FAD5304A1A600A6863
:10BF20000A920A9AD407FAD52D4A1A600A680B9227
:10BF30000B9AD207FAD52B4A1A600A680C920C9A0F
:10BF4000D407FAD5284A1A600A680D920D9AD207CA
:10BF5000FAD5264A1A600A680E920E9AD407FAD5C4
:10BF6000234A1A600A680F920F9AD207FAD5214A1B
:10BF70001A600F4B19461C681094109CE407FAD500
:10BF80000C4B1860086811901198C407FAD51A6014
:10BF90000A681292129AD007FAD5174A1A600A68EC
:10BFA0001392139AD207FAD5144A1A6014B010BD2E
:10BFB000B0B0025080B0025080906521000409901A
:10BFC00040966590808061218020082180206490C7
:10BFD000008161900046102100811121004144211F
:10BFE00080202029024610C8008609218020602177
:10BFF000402128294096652140962529594614C894
:10C0000010B5504B96B01C461A680192019AD2079F
:10C01000FAD54D4B4D4A1A6022680292029AD20715
:10C02000FAD54B4A1A604B4A42EA80402268039292
:10C03000039AD207FAD5186022680492049AD007AE
:10C04000FAD5454A1A60A2F5800242EA8141226887
:10C050000592059AD207FAD5196022680692069AC7
:10C06000D007FAD53D4A1A6022680792079AD1078D
:10C07000FAD53B4A1A6022680892089AD207FAD584
:10C08000384A1A6022680992099AD007FAD5364AC6
:10C090001A6022680A920A9AD107FAD5334A1A60BE
:10C0A00022680B920B9AD207FAD5314A1A6022689D
:10C0B0000C920C9AD007FAD52E4A1A6022680D927B
:10C0C0000D9AD107FAD52C4A1A6022680E920E9A60
:10C0D000D207FAD5294A1A6022680F920F9AD00720
:10C0E000FAD5274A1A60216810911099C907FAD524
:10C0F0001A60144B1A46196811911199C807FAD59C
:10C10000114B20491960116812911299C907FAD58B
:10C110001D491960116813911399CC07FAD50B4981
:10C120001960116814911499C807FAD51749196054
:10C13000116815911599C907FAD5154A1A6016B0F4
:10C1400010BD00BFB0B0025080B00250400441901A
:10C1500000862929D81001C8401441904014212993
:10C16000401465210034409000310C90C0400C9088
:10C17000C030202940960D9000416090031645C8BC
:10C180000086112100416021594644C84014459061
:10C1900040142D9070B5264888B005460468009478
:10C1A000009CE607FAD52348234C0460234C44EA5C
:10C1B00083432C680194019CE407FAD50360930142
:10C1C00043EA824242F0104444F4C0442B68029394
:10C1D000029BDE07FAD504602B680393039BDB0701
:10C1E000FAD5174B03608B0143EA814141F01043BC
:10C1F00043F4C0432E680496049EF607FAD5036004
:10C200002B680593059BDE07FAD5046041F0584181
:10C210002B680693069BDC07FAD5016042F0584272
:10C220002B680793079BDB07FAD5026008B070BD47
:10C23000B0B0025080B00250C02102298071009835
:10C2400080611890354B8EB019461A680092009A9A
:10C25000D207FAD5324B334A1A600A680192019A22
:10C26000D007FAD5304A1A600A680292029AD207B9
:10C27000FAD52E4A1A600A680392039AD007FAD5B3
:10C280002B4A1A600A680492049AD207FAD5294AFE
:10C290001A600A680592059AD007FAD5264A1A60EC
:10C2A0000A680692069AD207FAD5244A1A600A68E2
:10C2B0000792079AD007FAD5214A1A600A680892AD
:10C2C000089AD207FAD51F4A1A600A680992099A91
:10C2D000D007FAD51C4A1A600A680A920A9AD2074D
:10C2E000FAD51A4A1A6008680B900B98C007FAD55D
:10C2F0001A600A680C920C9AD007FAD5144A1A6090
:10C300000A680D920D9AD207FAD5124A1A600E21C8
:10C310000D230F2200200EB0FFF73CBFB0B002503B
:10C3200080B0025080430129406339218070012987
:10C330008020542100D13490C0403490C030202956
:10C34000C0530D9000413890832308C880E310212A
:10C3500000413821CF4308C82DE9F041012392B0B4
:10C36000CDE90333624B1E461A680592059AD10740
:10C37000FAD5604C604B2360604B19461A680692F0
:10C38000069AD207FAD55E4B1A68D70400F1A88046
:10C3900032680792079AD507FAD55A4A22600A6886
:10C3A0000892089AD007FAD51B68DA04C3F300375D
:10C3B00000F198801220FFF7CFF805461320FFF711
:10C3C000CBF885428CBF12201320FFF7C5F8451E1D
:10C3D000FFF738FF03AB01AA29461220FFF704F943
:10C3E00004AB804602AA29461320FFF7FDF800EBB4
:10C3F0004800022832D003283ED0012874D1336887
:10C400000993099BDB07FAD53F4B236033680A93F6
:10C410000A9BD807FAD53D4B236033680F930F9BD7
:10C42000D907FAD53A4B236033681093109BDA078B
:10C43000FAD5384B236033681193119BDB07FAD58B
:10C44000354B2360013D25D51023192218210020EA
:10C45000FFF7A0FE384612B0BDE8F08133680B93B9
:10C460000B9BD907FAD52D4B236033680C930C9B9B
:10C47000DA07FAD52A4BCFE733680D930D9BDB071C
:10C48000FAD5284B236033680E930E9BD807FAD554
:10C49000254BC1E703AB01AA29461220FFF7A4F8F8
:10C4A00004AB044602AA29461320FFF79DF810EBBF
:10C4B000440402D1FFF712FCC4E7FFF7E5FC022CAD
:10C4C00008D0032C09D0012C10D117211620FFF71A
:10C4D00097FDB7E715211420F9E70F210E20F6E7A5
:10C4E000124FB7E7124FB5E7124FB3E7124FB1E75C
:10C4F000B0B0025080B0025000084A51B4B00250AF
:10C5000088B0025000084E5100065A4940065E4964
:10C51000000442410014424940042E490006524999
:10C520004006564900063A4940063E490608F100D1
:10C530000708F1000408F1000508F100014B18603C
:10C54000704700BF08BA0250014B1860704700BF27
:10C5500004BA0250094BC2431A60043B82B01B6804
:10C560000193074B019A024204D0064A10601868F2
:10C5700002B0704720BF1A680192F3E704BA025074
:10C58000EC41002008BA0250054B4FF0FF321A6010
:10C5900053F8042C034B1A601A68034B1A60704757
:10C5A00004BA0250EC41002008BA025008B5064B0C
:10C5B000044613B10021AFF30080044B1B6803B1A4
:10C5C0009847204600F036FD000000002843002078
:10C5D0000CB430B5154B0C1E1D689DB008DA8B23CA
:10C5E0002B604FF0FF301DB0BDE8304002B0704707
:10C5F0004FF000031B9318BF0123E31A0493079322
:10C600000B4B029006900593209A21AB02A9284675
:10C61000019300F0DDF8431CBCBF8B232B60002C82
:10C62000E1D0029B00221A70DDE700BF90000020DD
:10C630000802FFFF10B501390244904201D10020E9
:10C6400005E0037811F8014FA34201D0181B10BD7B
:10C650000130F2E7884210B501EB020402D98442AE
:10C66000234607D8431EA14207D011F8012B03F837
:10C67000012FF8E70244824200D110BD13F8011DDA
:10C6800002F8011DF7E702440346934200D17047C8
:10C6900003F8011BF9E7000070B50D4B0D4C0026A7
:10C6A0001D1BB6EBA50F09D100F0C6FC0A4C0B4BC5
:10C6B00000261D1BB6EBA50F05D170BD54F8043B39
:10C6C00098470136EDE754F8043B98470136F1E707
:10C6D000E0000020E0000020E0000020E400002056
:10C6E000704770470A44914200F1FF3300D1704710
:10C6F00010B511F8014B03F8014F9142F9D110BD6B
:10C70000034613F8012B002AFBD1181A0138704791
:10C710002DE9F0478E681F46BE4282460C46904681
:10C72000334653D8B1F90C0010F4906F2BD06569E3
:10C730002368096905EB4505A3EB010905EBD575F0
:10C740007B1C6D104B44AB422A4684BF1D462A46D3
:10C75000430527D51146504600F054F9064658B314
:10C7600021694A46FFF7BEFFA38923F4906343F093
:10C770008003A381266165614E44A5EB090526600F
:10C78000A5603E463B461F4620683A464146FFF7B5
:10C7900061FFA3689B1BA36023683B4423600020C8
:10C7A000BDE8F087504600F055FB06460028E1D171
:10C7B0002169504600F0DCFB0C23CAF80030A38945
:10C7C00043F04003A3814FF0FF30E9E73E46DBE74B
:10C7D0002DE9F0471F468B891B069CB006460D4687
:10C7E000144610D50B6973B9402100F00BF928608D
:10C7F000286130B90C2333604FF0FF301CB0BDE826
:10C80000F08740236B610023099320238DF82930A2
:10C8100003973023654F8DF82A304FF001082346E7
:10C820001A7899461AB1252A03F10103F8D1B9EB18
:10C83000040A0BD05346224629463046FFF768FFCC
:10C84000013000F0A380099A5244099299F800300F
:10C85000002B00F09B8000224FF0FF33CDE9053222
:10C8600009F10109049207928DF853201A924C465F
:10C87000052214F8011B4D4800F02AFB049AD0B998
:10C88000D00644BF20238DF85330110744BF2B231B
:10C890008DF8533099F800302A2B13D007994B4666
:10C8A00000204FF00A0C1A78303A092A1C464AD95F
:10C8B000A8B1079113E0C01B08FA00F010430490E0
:10C8C000A146D4E7039B191D1B680391002BBBBF36
:10C8D0005B4242F0020207930793B8BF04922378A9
:10C8E0002E2B0AD163782A2B32D1039B1A1D1B6889
:10C8F000039243EAE37302340593DFF8C090217892
:10C900000322484600F0E4FA38B1049BA0EB09008A
:10C9100040228240134301340493217824488DF847
:10C920002810062200F0D4FA002835D0214818BB80
:10C93000039B073323F0070308330393099B034446
:10C94000013409936BE701330CFB01210120AAE7B5
:10C9500000230593611C18464FF00A0C0A78303A00
:10C96000092A0C4603D9002BC7D00590C5E7013131
:10C970000CFB00200123F1E703AB00932A460E4B8A
:10C9800004A93046AFF30080421CD7D1AB895B06C7
:10C990003FF532AF099831E703AB00932A46064BC7
:10C9A00004A9304600F020F9EEE700BF46D10F00A1
:10C9B00050D10F000000000011C70F004CD10F0034
:10C9C00070B50F4C0E462168054611B900F070FA9B
:10C9D00020603146284600F06BFA431C03D14FF02B
:10C9E000FF34204670BDC41C24F00304A042F8D0DC
:10C9F000211A284600F05CFA0130F2D1EFE700BFBF
:10CA0000304300202DE9F843CD1C25F003050835FF
:10CA10000C2D38BF0C25002D064601DBA94204D998
:10CA20000C2333600020BDE8F883334F00F006FA92
:10CA30003B681C463CBB29463046FFF7C1FF431C00
:10CA4000044656D13C68A046B8F1000F40D1002CF6
:10CA500049D023684146304604EB030900F028FA28
:10CA6000814540D121686D1A29463046FFF7A8FF5D
:10CA7000013038D023682B4423603B685A685ABB86
:10CA8000C7F800800EE02268521B1ED40B2A16D96C
:10CA90006119A342256018BF5960636808BF3960F7
:10CAA00062514B60304600F0CFF904F10B00231DBA
:10CAB00020F00700C21A1CBF1B1AA350B3E762681C
:10CAC000A3420CBF3A605A60ECE723466468B1E7C2
:10CAD0004446D8F80480B7E71A465B68A342FBD106
:10CAE00000235360DEE70C233360304600F0ACF9DE
:10CAF00098E70560D6E700BF344300202DE9F047F2
:10CB0000914698468A680B69089E9342B8BF1346BF
:10CB1000C9F8003091F8432007460C4612B10133A2
:10CB2000C9F800302368990642BFD9F800300233B3
:10CB3000C9F80030256815F0060507D104F1190A77
:10CB4000E368D9F800209B1AAB4229DC94F8433003
:10CB50002268003B18BF012392062ED404F1430241
:10CB600041463846B047013021D02368A168226988
:10CB700003F00603042B01BFE568D9F80030ED1A75
:10CB800025EAE57518BF00258B1A2B449142C8BFD2
:10CB90001D464FF000091A344D451AD1002008E017
:10CBA0000123524641463846B047013003D14FF089
:10CBB000FF30BDE8F0870135C2E7E1185A1C30208C
:10CBC00081F84300224494F8451082F84310023360
:10CBD000C4E70123224641463846B0470130E6D03B
:10CBE00009F10109D8E700002DE9F04398460B7ED2
:10CBF00085B0782B174606460C9A0C4609D8622B4E
:10CC000001F1430108D8002B00F0DC80582B00F024
:10CC1000BD8004F1420539E0A3F163001528F8D87E
:10CC200001A555F820F000BF81CC0F0095CC0F0076
:10CC300013CC0F0013CC0F0013CC0F0013CC0F003C
:10CC400095CC0F0013CC0F0013CC0F0013CC0F00AA
:10CC500013CC0F00A5CD0F00C1CC0F0053CD0F009A
:10CC600013CC0F0013CC0F00CDCD0F0013CC0F0051
:10CC7000C1CC0F0013CC0F0013CC0F005BCD0F0005
:10CC80001368191D1B68116004F1420584F84230D5
:10CC90000123A8E013682568181D1060280601D537
:10CCA0001B6803E06A06FBD5B3F90030002B03DAFA
:10CCB0002D225B4284F84320DFF878C10A2213E07A
:10CCC0002568106815F0800F50F8043B02D16D06FE
:10CCD00048BF9BB21060227EDFF858C16F2A5DD139
:10CCE0000822002084F843006568A560002D05DB5C
:10CCF00020681D4320F00400206051D00D46B3FB96
:10CD0000F2F002FB103E9A421CF80EE005F801ED2D
:10CD10000346F4D9082A0BD12368DA0708D523691A
:10CD200062689A42DEBF302305F8013C05F1FF3509
:10CD3000491B2161CDF800803B4603AA21463046BD
:10CD4000FFF7DCFE013053D14FF0FF3005B0BDE8F6
:10CD5000F083236843F020032360DFF8DCC07823EE
:10CD600084F845302068156810F0800F55F8043BB2
:10CD700003D110F0400F18BF9BB21560C50744BF28
:10CD800040F02000206023B11022AAE7DFF8A4C001
:10CD9000E6E7226822F020022260F5E70A22A0E7F7
:10CDA0000D46B7E71368D4F800C060691D1D156013
:10CDB0001CF0800F1B6801D0186003E01CF0400FCE
:10CDC000FAD01880002323610D46B3E71368191DBC
:10CDD00011601D6862680021284600F079F808B1EA
:10CDE000401B606063682361002384F84330A1E73F
:10CDF00023692A4639463046C0470130A4D023680B
:10CE00009B0714D4E068039B9842B8BF18469DE77F
:10CE1000012304F1190239463046C047013093D04E
:10CE20000135E36803995B1AAB42F1DCEAE70025C0
:10CE3000F7E700BF57D10F0068D10F000148FFF797
:10CE40004FBC00BF2C4300200148FFF74ABC00BF85
:10CE50002C4300202DE9F041074615460C4621B928
:10CE6000BDE8F0411146FFF7CDBD2AB900F080F8CA
:10CE70002C462046BDE8F08100F0C6F88542064603
:10CE800002D8B5EB500FF4D829463846FFF7BAFD63
:10CE9000804608B94446ECE7B5422A46214628BFF9
:10CEA0003246FFF71FFC2146384600F061F8F1E7F3
:10CEB00038B5064C002305460846236000F0ACF860
:10CEC000431C02D1236803B12B6038BD38430020D6
:10CED00001F0FF01102A2BDB10F0070F08D010F82B
:10CEE000013B013A8B422DD010F0070F42B3F6D12F
:10CEF000F0B441EA012141EA014122F007047FF048
:10CF000000070023F0E80256083C85EA010586EA9E
:10CF1000010685FA47F5A3FA87F586FA47F6A5FADA
:10CF200087F68EB9EED1F0BC01F0FF0102F00702E6
:10CF300032B110F8013B013A83EA010313B1F8D191
:10CF40000020704701387047002D06BF3546033872
:10CF5000073815F0010F07D1013015F4807F02BFAB
:10CF6000013015F4C03F0130F0BC0138704700BFFC
:10CF700037B5002944D051F8043C0190002BA1F1B1
:10CF80000404B8BFE418FFF759FF1E4A019813685C
:10CF900033B96360146003B0BDE83040FFF754BF9D
:10CFA000A34208D9256861198B4201BF19685B68E3
:10CFB00049192160EDE71A465B680BB1A342FAD923
:10CFC00011685518A5420BD1246821445418A34276
:10CFD0001160E0D11C685B6853600C441460DAE7B0
:10CFE00002D90C230360D6E7256861198B4204BF80
:10CFF00019685B68636004BF491921605460CAE71F
:10D0000003B030BD3443002051F8043C181F002BFE
:10D01000BCBF0B58C0187047044A05491368002B61
:10D0200008BF0B4618441060184670473C43002068
:10D0300040430020FEE700BFF8B500BFF8BC08BCC5
:10D040009E467047F8B500BFF8BC08BC9E467047C6
:10D0500065440F0015440F0000000000D4190020A3
:10D06000D4D00F00020001060102048281010000F9
:10D07000000001018100000079440F000800002039
:10D080000B0C18190D0E0F10480000000020400076
:10D090000000000099480F0005490F00A9480F0043
:10D0A0002000000000000000000000000000000060
:10D0B000702A0020594B0F008003030E0D810A00D7
:10D0C000000009000000080000000000A94F0F0048
:10D0D00085000000955E0F00F9570F00000000006A
:10D0E00000000000000000000F00000035620F008B
:10D0F000AC2B002031620F0000000000C42B002088
:10D100000CD10F00010002030080000001640F0039
:10D11000000000000000000000000000000000000F
:10D1200009020000000104C03212010002000000E8
:10D130004015191F520001010203012530346858BF
:10D140002530386C5800232D302B2000686C4C00A3
:10D1500065666745464700303132333435363738F7
:10D160003941424344454600303132333435363755
:10D17000383961626364656600000000DAD10F002F
:10D18000C5D10F00B1D10F001E2C00209BD10F0084
:10D1900094D10F0055736572203100446566617546
:10D1A0006C7420636F6E66696775726174696F6E07
:10D1B000004F70656E2044465520426F6F746C6F4F
:10D1C00061646572004E6F726469632053656D69B6
:10D1D000636F6E647563746F72000000040309046A
:10D1E0000000010102020303040405050000000021
:10D1F0000338FDD870470000200000209D710F000B
:10D20000C1710F00D1710F00E1710F0035720F0075
:10D21000A9710F00AD710F00B1710F000010000077
:10D220000400000001000000000C0D0E0F10111290
:10D23000131402030405060708090B00300134012A
:10D2400038013C014001440148014C0150010801F2
:10D250000C011001140118011C01200124012C01F2
:10D26000ED780F0015790F009D7B0F00BD7A0F0040
:10D27000B77A0F00B17A0F00AB7A0F00A57A0F00D2
:10D280009F7A0F00997A0F00817B0F00E17B0F00DE
:10D290007D840F00A57E0F009F7E0F00997E0F00FA
:10D2A000937E0F008D7E0F00877E0F00817E0F0022
:10D2B000A17B0F00FD790F00AD7E0F0041860F00AE
:10D2C000CD7D0F00FA9C15DB8AFDAF2ED73BA8E081
:10D2D000851F5B4922EC5A20D73CE8754D6BDE5424
:10D2E0001C309D173B529DCB013BCF0C9776DDC088
:10D2F000ED69E7EB38576D76F0170584CCE4B80F8D
:10D300003093D0B74000002000DC00050000010091
:10D31000000000000040000000000050000000007D
:10D320000338FDD87047000079980F0015980F005A
:10D33000779D0F00F39D0F00139E0F0067970F005E
:10D3400021970F00139D0F0000000000010017003F
:10D350000400FCFF68010000BCD30F0002001700AE
:10D360000400FCFFAC0100007CD30F0000000000B3
:10D3700000000000000000000000000001000700A5
:10D380000000000068010000BCD30F000200010093
:10D390000000000001000000000000000300050084
:10D3A000010000004200000000000000000000003A
:10D3B000000000000000000000000000010011005B
:10D3C0000100FFFF01000000000000000200170044
:10D3D0000200FEFF64010000ECD30F00000000001B
:10D3E000000000000000000000000000010011002B
:10D3F0000400FCFF04000000000000000200110017
:10D400000400FCFF040000000000000003002100F5
:10D410000400FCFF040010000000000004001100E4
:10D420000100FFFF010000000000000005001100E6
:10D430000200FEFF040000000000000006001100D2
:10D440000400FCFF040000000000000007001100C1
:10D450000400FCFF040000000000000008001700AA
:10D460000200FEFF24000000CCD40F0009001000D1
:10D470000100FFFF01000000FCD40F000A0027009C
:10D480000200FEFF440003009CD40F0000000000D7
:10D49000000000000000000000000000010001008A
:10D4A0000000000001000000000000000200050074
:10D4B0000100000042000000000000000000000029
:10D4C000000000000000000000000000010001005A
:10D4D0000000000001000000000000000200050044
:10D4E0000100000022000000000000000000000019
:10D4F000000000000000000000000000000000002C
:10D5000000000000FFFFFFFFFFFFFFFFFFFFFFFF27
:10D51000000000000000000000000000010000000A
:10D52000FFFFFFFFFCFFFFFFFFFFFFFFFFFFFFFF0E
:10D5300000000000000000000000000001000000EA
:10D54000FFFFFFFF512563FCC2CAB9F3849E17A7F2
:10D55000ADFAE6BCFFFFFFFFFFFFFFFF000000008A
:10D56000FFFFFFFF0000000096C298D84539A1F4E4
:10D57000A033EB2D817D0377F240A463E5E6BCF890
:10D5800047422CE1F2D1176BF551BF376840B6CB5B
:10D59000CE5E316B5733CE2B169E0F7C4AEBE78E57
:10D5A0009B7F1AFEE242E34FFFFFFFFF7F00000078
:10D5B000800000000000000000000000FFFFFFFFEF
:10D5C0007F0000008000000000000000000000005C
:10D5D0000200000000000000F9B20F0031B30F009C
:10D5E00067E6096A85AE67BB72F36E3C3AF54FA5F4
:10D5F0007F520E518C68059BABD9831F19CDE05B20
:04D600000000000026
:08D6040085490F0075490F0074
:08D60C0049430F0045430F00E4
:10D61400BC010020D0190020D3190020C40100202F
:04D6240004080000F6
:08D62800646CFF7F01000000AB
:10D63000100000000090D003001001401100040011
:10D64000000000009D4F0F000000000000000000DF
:10D65000FFFFFFFFFFFFFFFF0000000000000000D2
:10D6600000000000000000000000000000000000BA
:10D67000FFFFFFFFFFFFFFFF0000000000000000B2
:10D68000000000000000000078000020680000207A
:10D69000000000000000000000000000000000008A
:10D6A0000000000000000000000000000100000079
:10D6B0000100000000E00F009400002000000000C6
:10D6C000F041002058420020C0420020000000002D
:10D6D000000000000000000000000000000000004A
:10D6E000000000000000000000000000000000003A
:10D6F000000000000000000000000000000000002A
:10D70000000000000000000069420F0041420F00CD
:10D710000000000000000000659E0F0000100000E7
:04D7200000001000F5
:020000020000FC
:020000041000EA
:0410140000400F0089
:0410180000E00F00E5
:04000003F0004309BD
:00000001FF
